round,algo,per_error,abs_error,accuracy,skim_precision,skim_recall,detail_precision,detail_recall,read_precision,read_recall
0,LogTrainer,0.34612672918241566,2.5045871559633026,0.7341772151898734,0.4827586206896552,0.3684210526315789,1.0,0.5,0.6176470588235294,0.4375
0,SecondTrainerNoPat,0.2566455841079563,2.0,0.7848101265822784,0.5806451612903226,0.47368421052631576,0.8333333333333334,0.5,0.7567567567567568,0.5833333333333334
0,SecondTrainer,0.25405075695679036,1.871559633027523,0.7911392405063291,0.59375,0.5,0.8333333333333334,0.5,0.7631578947368421,0.6041666666666666
0,AlgoTrainerNoPat,0.264349794021163,2.1926605504587156,0.8037974683544303,0.6551724137931034,0.5,0.625,0.5,0.8108108108108109,0.625
0,AlgoTrainer,0.26838614042892467,1.981651376146789,0.7974683544303798,0.6206896551724138,0.47368421052631576,0.7142857142857143,0.5,0.8055555555555556,0.6041666666666666
0,Algo1,0.37549159354065065,2.1559633027522938,0.740506329113924,0.52,0.34210526315789475,0.3333333333333333,0.1,0.75,0.4375
0,Algo2,0.3407084877323906,2.963302752293578,0.7911392405063291,0.6538461538461539,0.4473684210526316,0.25,0.2,0.8823529411764706,0.625
0,Algo3,0.3280159403185603,2.779816513761468,0.810126582278481,0.6470588235294118,0.5789473684210527,0.5,0.5,0.7954545454545454,0.7291666666666666
0,SessionTrainer,0.3146896003507679,3.5045871559633026,0.7278481012658228,0.4772727272727273,0.5526315789473685,0.0,0.0,0.6521739130434783,0.625
0,SessionCatTrainer,0.0,0.0,0.759493670886076,0.509090909090909,0.7368421052631579,,0.0,0.6727272727272727,0.7708333333333334
1,LogTrainer,0.33241143465045764,2.2752293577981653,0.7278481012658228,0.46875,0.39473684210526316,1.0,0.5,0.5945945945945946,0.4583333333333333
1,SecondTrainerNoPat,0.25036753315154864,1.944954128440367,0.7974683544303798,0.6,0.47368421052631576,0.8333333333333334,0.5,0.8055555555555556,0.6041666666666666
1,SecondTrainer,0.25187679486031805,1.8807339449541285,0.810126582278481,0.6451612903225806,0.5263157894736842,0.7142857142857143,0.5,0.8157894736842105,0.6458333333333334
1,AlgoTrainerNoPat,0.25934124279302545,2.1009174311926606,0.7911392405063291,0.6206896551724138,0.47368421052631576,0.625,0.5,0.7837837837837838,0.6041666666666666
1,AlgoTrainer,0.26000927729064677,2.0458715596330275,0.8037974683544303,0.6451612903225806,0.5263157894736842,0.625,0.5,0.7948717948717948,0.6458333333333334
1,Algo1,0.37549159354065065,2.1559633027522938,0.740506329113924,0.52,0.34210526315789475,0.3333333333333333,0.1,0.75,0.4375
1,Algo2,0.3407084877323906,2.963302752293578,0.7911392405063291,0.6538461538461539,0.4473684210526316,0.25,0.2,0.8823529411764706,0.625
1,Algo3,0.3280159403185603,2.779816513761468,0.810126582278481,0.6470588235294118,0.5789473684210527,0.5,0.5,0.7954545454545454,0.7291666666666666
1,SessionTrainer,0.3532236876194314,3.4862385321100917,0.7215189873417721,0.4634146341463415,0.5,0.0,0.0,0.6511627906976745,0.5833333333333334
1,SessionCatTrainer,0.0,0.0,0.6962025316455697,,0.0,,0.0,,0.0
2,LogTrainer,0.376940696942246,2.6513761467889907,0.6835443037974683,0.36363636363636365,0.3157894736842105,1.0,0.3,0.5277777777777778,0.3958333333333333
2,SecondTrainerNoPat,0.2413372354141407,1.963302752293578,0.8227848101265823,0.6470588235294118,0.5789473684210527,1.0,0.5,0.8205128205128205,0.6666666666666666
2,SecondTrainer,0.24305363007381783,1.8073394495412844,0.810126582278481,0.6176470588235294,0.5526315789473685,0.7142857142857143,0.5,0.8048780487804879,0.6875
2,AlgoTrainerNoPat,0.25274602491648046,2.0091743119266057,0.810126582278481,0.6666666666666666,0.5263157894736842,0.7142857142857143,0.5,0.8108108108108109,0.625
2,AlgoTrainer,0.25686525267537647,2.018348623853211,0.810126582278481,0.65625,0.5526315789473685,0.7142857142857143,0.5,0.7948717948717948,0.6458333333333334
2,Algo1,0.37549159354065065,2.1559633027522938,0.740506329113924,0.52,0.34210526315789475,0.3333333333333333,0.1,0.75,0.4375
2,Algo2,0.3407084877323906,2.963302752293578,0.7911392405063291,0.6538461538461539,0.4473684210526316,0.25,0.2,0.8823529411764706,0.625
2,Algo3,0.3280159403185603,2.779816513761468,0.810126582278481,0.6470588235294118,0.5789473684210527,0.5,0.5,0.7954545454545454,0.7291666666666666
2,SessionTrainer,0.9910525835235929,2.944954128440367,0.6962025316455697,,0.0,,0.0,,0.0
2,SessionCatTrainer,0.0,0.0,0.6962025316455697,,0.0,0.25,0.1,0.75,0.0625
3,LogTrainer,0.38840855713033784,2.926605504587156,0.6708860759493671,0.3333333333333333,0.2894736842105263,1.0,0.3,0.5,0.375
3,SecondTrainerNoPat,0.2437408848896685,1.834862385321101,0.810126582278481,0.6451612903225806,0.5263157894736842,0.8333333333333334,0.5,0.8108108108108109,0.625
3,SecondTrainer,0.2413499922051373,1.9541284403669725,0.810126582278481,0.6363636363636364,0.5526315789473685,1.0,0.5,0.7894736842105263,0.625
3,AlgoTrainerNoPat,0.2552157355958823,2.110091743119266,0.7974683544303798,0.6333333333333333,0.5,0.625,0.5,0.7894736842105263,0.625
3,AlgoTrainer,0.2594316266934231,2.0,0.8291139240506329,0.696969696969697,0.6052631578947368,0.7142857142857143,0.5,0.825,0.6875
3,Algo1,0.37549159354065065,2.1559633027522938,0.740506329113924,0.52,0.34210526315789475,0.3333333333333333,0.1,0.75,0.4375
3,Algo2,0.3407084877323906,2.963302752293578,0.7911392405063291,0.6538461538461539,0.4473684210526316,0.25,0.2,0.8823529411764706,0.625
3,Algo3,0.3280159403185603,2.779816513761468,0.810126582278481,0.6470588235294118,0.5789473684210527,0.5,0.5,0.7954545454545454,0.7291666666666666
3,SessionTrainer,1.0,3.0091743119266057,0.6962025316455697,,0.0,,0.0,,0.0
3,SessionCatTrainer,0.0,0.0,0.6962025316455697,0.4,0.05263157894736842,,0.0,0.6,0.0625
4,LogTrainer,0.4031848198505978,3.128440366972477,0.6582278481012658,0.3125,0.2631578947368421,0.75,0.3,0.4722222222222222,0.3541666666666667
4,SecondTrainerNoPat,0.24932173263637875,1.908256880733945,0.8037974683544303,0.625,0.5263157894736842,0.8333333333333334,0.5,0.7894736842105263,0.625
4,SecondTrainer,0.25916098804518656,1.8623853211009174,0.8227848101265823,0.7142857142857143,0.5263157894736842,0.625,0.5,0.8611111111111112,0.6458333333333334
4,AlgoTrainerNoPat,0.2591403158808119,2.091743119266055,0.810126582278481,0.6666666666666666,0.5263157894736842,0.625,0.5,0.8157894736842105,0.6458333333333334
4,AlgoTrainer,0.2597762382759798,2.073394495412844,0.8037974683544303,0.6451612903225806,0.5263157894736842,0.625,0.5,0.7948717948717948,0.6458333333333334
4,Algo1,0.37549159354065065,2.1559633027522938,0.740506329113924,0.52,0.34210526315789475,0.3333333333333333,0.1,0.75,0.4375
4,Algo2,0.3407084877323906,2.963302752293578,0.7911392405063291,0.6538461538461539,0.4473684210526316,0.25,0.2,0.8823529411764706,0.625
4,Algo3,0.3280159403185603,2.779816513761468,0.810126582278481,0.6470588235294118,0.5789473684210527,0.5,0.5,0.7954545454545454,0.7291666666666666
4,SessionTrainer,0.32334033669460693,3.146788990825688,0.7468354430379747,0.5121951219512195,0.5526315789473685,0.0,0.0,0.6976744186046512,0.625
4,SessionCatTrainer,0.0,0.0,0.3291139240506329,0.26573426573426573,1.0,,0.0,0.32867132867132864,0.9791666666666666
5,LogTrainer,0.3363256663492465,2.376146788990826,0.7215189873417721,0.45161290322580644,0.3684210526315789,1.0,0.5,0.5833333333333334,0.4375
5,SecondTrainerNoPat,0.2640047280888802,1.981651376146789,0.8164556962025317,0.6896551724137931,0.5263157894736842,0.7142857142857143,0.5,0.8333333333333334,0.625
5,SecondTrainer,0.24885627898898496,1.9541284403669725,0.8037974683544303,0.6333333333333333,0.5,1.0,0.5,0.8,0.5833333333333334
5,AlgoTrainerNoPat,0.24986776886487172,2.1559633027522938,0.7974683544303798,0.6333333333333333,0.5,0.625,0.5,0.7894736842105263,0.625
5,AlgoTrainer,0.2647871577576441,2.0825688073394497,0.810126582278481,0.6666666666666666,0.5263157894736842,0.6666666666666666,0.6,0.7948717948717948,0.6458333333333334
5,Algo1,0.37549159354065065,2.1559633027522938,0.740506329113924,0.52,0.34210526315789475,0.3333333333333333,0.1,0.75,0.4375
5,Algo2,0.3407084877323906,2.963302752293578,0.7911392405063291,0.6538461538461539,0.4473684210526316,0.25,0.2,0.8823529411764706,0.625
5,Algo3,0.3280159403185603,2.779816513761468,0.810126582278481,0.6470588235294118,0.5789473684210527,0.5,0.5,0.7954545454545454,0.7291666666666666
5,SessionTrainer,0.3101670839012546,3.7522935779816513,0.7341772151898734,0.4897959183673469,0.631578947368421,0.0,0.0,0.6470588235294118,0.6875
5,SessionCatTrainer,0.0,0.0,0.7531645569620253,0.5,0.6052631578947368,1.0,0.1,0.6808510638297872,0.6666666666666666
6,LogTrainer,0.349909614988758,2.458715596330275,0.7341772151898734,0.4827586206896552,0.3684210526315789,1.0,0.5,0.6176470588235294,0.4375
6,SecondTrainerNoPat,0.25809383182749596,1.963302752293578,0.8037974683544303,0.6551724137931034,0.5,0.625,0.5,0.8108108108108109,0.625
6,SecondTrainer,0.24291486293725936,1.871559633027523,0.8227848101265823,0.6666666666666666,0.5789473684210527,1.0,0.5,0.8157894736842105,0.6458333333333334
6,AlgoTrainerNoPat,0.2601763951535102,2.110091743119266,0.7911392405063291,0.6206896551724138,0.47368421052631576,0.625,0.5,0.7837837837837838,0.6041666666666666
6,AlgoTrainer,0.2583649283158911,2.0091743119266057,0.7911392405063291,0.6206896551724138,0.47368421052631576,0.625,0.5,0.7837837837837838,0.6041666666666666
6,Algo1,0.37549159354065065,2.1559633027522938,0.740506329113924,0.52,0.34210526315789475,0.3333333333333333,0.1,0.75,0.4375
6,Algo2,0.3407084877323906,2.963302752293578,0.7911392405063291,0.6538461538461539,0.4473684210526316,0.25,0.2,0.8823529411764706,0.625
6,Algo3,0.3280159403185603,2.779816513761468,0.810126582278481,0.6470588235294118,0.5789473684210527,0.5,0.5,0.7954545454545454,0.7291666666666666
6,SessionTrainer,0.3207306344943466,3.4862385321100917,0.7468354430379747,0.5111111111111111,0.6052631578947368,0.0,0.0,0.6808510638297872,0.6666666666666666
6,SessionCatTrainer,0.0,0.0,0.4050632911392405,0.2878787878787879,1.0,,0.0,0.36363636363636365,1.0
7,LogTrainer,0.3645594500667565,2.63302752293578,0.689873417721519,0.375,0.3157894736842105,1.0,0.4,0.5277777777777778,0.3958333333333333
7,SecondTrainerNoPat,0.25231938789382474,1.9174311926605505,0.8227848101265823,0.6774193548387096,0.5526315789473685,1.0,0.5,0.8333333333333334,0.625
7,SecondTrainer,0.26292146732291694,1.908256880733945,0.810126582278481,0.6451612903225806,0.5263157894736842,1.0,0.5,0.8055555555555556,0.6041666666666666
7,AlgoTrainerNoPat,0.25132001093043016,1.9908256880733946,0.8037974683544303,0.6551724137931034,0.5,0.625,0.5,0.8108108108108109,0.625
7,AlgoTrainer,0.26096040525850084,1.9174311926605505,0.810126582278481,0.6363636363636364,0.5526315789473685,0.8333333333333334,0.5,0.7948717948717948,0.6458333333333334
7,Algo1,0.37549159354065065,2.1559633027522938,0.740506329113924,0.52,0.34210526315789475,0.3333333333333333,0.1,0.75,0.4375
7,Algo2,0.3407084877323906,2.963302752293578,0.7911392405063291,0.6538461538461539,0.4473684210526316,0.25,0.2,0.8823529411764706,0.625
7,Algo3,0.3280159403185603,2.779816513761468,0.810126582278481,0.6470588235294118,0.5789473684210527,0.5,0.5,0.7954545454545454,0.7291666666666666
7,SessionTrainer,1.0,3.0091743119266057,0.6962025316455697,,0.0,,0.0,,0.0
7,SessionCatTrainer,0.0,0.0,0.6329113924050633,0.3924050632911392,0.8157894736842105,0.0,0.0,0.4875,0.8125
8,LogTrainer,0.2676975176193692,1.6296296296296295,0.7974683544303798,0.6190476190476191,0.65,0.5,0.2,0.782608695652174,0.72
8,SecondTrainerNoPat,0.25908540000230806,1.6666666666666667,0.8227848101265823,0.7777777777777778,0.7,0.25,0.2,0.8181818181818182,0.72
8,SecondTrainer,0.25720622315199365,1.5925925925925926,0.8481012658227848,0.8,0.8,0.3333333333333333,0.2,0.8260869565217391,0.76
8,AlgoTrainerNoPat,0.3164670506097651,1.5185185185185186,0.810126582278481,0.6842105263157895,0.65,0.3333333333333333,0.2,0.8181818181818182,0.72
8,AlgoTrainer,0.2687584499291779,1.4814814814814814,0.8227848101265823,0.6363636363636364,0.7,0.3333333333333333,0.2,0.84,0.84
8,Algo1,0.25695457758061374,1.2222222222222223,0.8481012658227848,0.8235294117647058,0.7,0.5,0.2,0.8947368421052632,0.68
8,Algo2,0.2682906540677938,1.5925925925925926,0.7974683544303798,0.6111111111111112,0.55,1.0,0.2,0.8421052631578947,0.64
8,Algo3,0.675926573659371,2.4074074074074074,0.7088607594936709,0.5555555555555556,0.25,0.2222222222222222,0.4,0.7222222222222222,0.52
8,SessionTrainer,1.0,2.2777777777777777,0.6835443037974683,,0.0,,0.0,,0.0
8,SessionCatTrainer,0.0,0.0,0.31645569620253167,0.2702702702702703,1.0,,0.0,0.33783783783783783,1.0
9,LogTrainer,0.2733522885450379,1.5,0.7974683544303798,0.6190476190476191,0.65,0.5,0.2,0.782608695652174,0.72
9,SecondTrainerNoPat,0.26013714463904214,1.5740740740740742,0.8227848101265823,0.7368421052631579,0.7,0.25,0.2,0.8260869565217391,0.76
9,SecondTrainer,0.24672918377936856,1.6111111111111112,0.8354430379746836,0.7142857142857143,0.75,0.25,0.2,0.84,0.84
9,AlgoTrainerNoPat,0.32709190583044573,1.5740740740740742,0.810126582278481,0.6842105263157895,0.65,0.3333333333333333,0.2,0.8181818181818182,0.72
9,AlgoTrainer,0.3341989654375054,1.462962962962963,0.7848101265822784,0.631578947368421,0.6,0.4,0.4,0.75,0.72
9,Algo1,0.25695457758061374,1.2222222222222223,0.8481012658227848,0.8235294117647058,0.7,0.5,0.2,0.8947368421052632,0.68
9,Algo2,0.2682906540677938,1.5925925925925926,0.7974683544303798,0.6111111111111112,0.55,1.0,0.2,0.8421052631578947,0.64
9,Algo3,0.675926573659371,2.4074074074074074,0.7088607594936709,0.5555555555555556,0.25,0.2222222222222222,0.4,0.7222222222222222,0.52
9,SessionTrainer,0.30120593900589904,8.222222222222221,0.5189873417721519,0.2777777777777778,0.5,0.16666666666666666,0.2,0.42857142857142855,0.72
9,SessionCatTrainer,0.0,0.0,0.4430379746835443,0.3125,1.0,,0.0,0.390625,1.0
10,LogTrainer,0.2923562279459613,2.2962962962962963,0.759493670886076,0.5714285714285714,0.6,0.3333333333333333,0.2,0.7083333333333334,0.68
10,SecondTrainerNoPat,0.2603487476935993,1.5555555555555556,0.8354430379746836,0.7368421052631579,0.7,0.25,0.2,0.8695652173913043,0.8
10,SecondTrainer,0.27342230220593344,1.4814814814814814,0.8354430379746836,0.7368421052631579,0.7,0.25,0.2,0.8695652173913043,0.8
10,AlgoTrainerNoPat,0.367252798701016,1.6481481481481481,0.7721518987341772,0.625,0.5,0.3333333333333333,0.4,0.7727272727272727,0.68
10,AlgoTrainer,0.3395555497134444,1.7037037037037037,0.7721518987341772,0.625,0.5,0.3333333333333333,0.4,0.7727272727272727,0.68
10,Algo1,0.25695457758061374,1.2222222222222223,0.8481012658227848,0.8235294117647058,0.7,0.5,0.2,0.8947368421052632,0.68
10,Algo2,0.2682906540677938,1.5925925925925926,0.7974683544303798,0.6111111111111112,0.55,1.0,0.2,0.8421052631578947,0.64
10,Algo3,0.675926573659371,2.4074074074074074,0.7088607594936709,0.5555555555555556,0.25,0.2222222222222222,0.4,0.7222222222222222,0.52
10,SessionTrainer,0.3518645102691842,6.518518518518518,0.620253164556962,0.38461538461538464,0.5,0.5,0.2,0.42857142857142855,0.48
10,SessionCatTrainer,0.0,0.0,0.25316455696202533,0.25316455696202533,1.0,,0.0,0.31645569620253167,1.0
11,LogTrainer,0.2704061499604294,1.3888888888888888,0.810126582278481,0.6666666666666666,0.7,0.3333333333333333,0.2,0.7916666666666666,0.76
11,SecondTrainerNoPat,0.31279732882384437,1.6666666666666667,0.8227848101265823,0.7777777777777778,0.7,0.25,0.2,0.8181818181818182,0.72
11,SecondTrainer,0.26400755566215467,1.5555555555555556,0.8227848101265823,0.7368421052631579,0.7,0.25,0.2,0.8260869565217391,0.76
11,AlgoTrainerNoPat,0.39025368491157963,1.6851851851851851,0.7721518987341772,0.625,0.5,0.3333333333333333,0.4,0.7727272727272727,0.68
11,AlgoTrainer,0.33544484700691624,1.5555555555555556,0.810126582278481,0.6842105263157895,0.65,0.3333333333333333,0.2,0.8181818181818182,0.72
11,Algo1,0.25695457758061374,1.2222222222222223,0.8481012658227848,0.8235294117647058,0.7,0.5,0.2,0.8947368421052632,0.68
11,Algo2,0.2682906540677938,1.5925925925925926,0.7974683544303798,0.6111111111111112,0.55,1.0,0.2,0.8421052631578947,0.64
11,Algo3,0.675926573659371,2.4074074074074074,0.7088607594936709,0.5555555555555556,0.25,0.2222222222222222,0.4,0.7222222222222222,0.52
11,SessionTrainer,0.2984050959859409,8.555555555555555,0.5063291139240507,0.2777777777777778,0.5,0.14285714285714285,0.2,0.4186046511627907,0.72
11,SessionCatTrainer,0.0,0.0,0.6835443037974683,,0.0,,0.0,,0.0
12,LogTrainer,0.27451319842646116,2.1481481481481484,0.7848101265822784,0.6190476190476191,0.65,0.3333333333333333,0.2,0.75,0.72
12,SecondTrainerNoPat,0.26374600347220944,1.3703703703703705,0.8354430379746836,0.7,0.7,0.25,0.2,0.875,0.84
12,SecondTrainer,0.29569198062831337,1.7222222222222223,0.8227848101265823,0.7777777777777778,0.7,0.25,0.2,0.8181818181818182,0.72
12,AlgoTrainerNoPat,0.3390276904759078,1.5740740740740742,0.810126582278481,0.7058823529411765,0.6,0.5,0.4,0.8095238095238095,0.68
12,AlgoTrainer,0.3131527911816536,1.5740740740740742,0.8227848101265823,0.6666666666666666,0.7,0.3333333333333333,0.2,0.8333333333333334,0.8
12,Algo1,0.25695457758061374,1.2222222222222223,0.8481012658227848,0.8235294117647058,0.7,0.5,0.2,0.8947368421052632,0.68
12,Algo2,0.2682906540677938,1.5925925925925926,0.7974683544303798,0.6111111111111112,0.55,1.0,0.2,0.8421052631578947,0.64
12,Algo3,0.675926573659371,2.4074074074074074,0.7088607594936709,0.5555555555555556,0.25,0.2222222222222222,0.4,0.7222222222222222,0.52
12,SessionTrainer,1.0,2.2777777777777777,0.6835443037974683,,0.0,,0.0,,0.0
12,SessionCatTrainer,0.0,0.0,0.25316455696202533,0.25316455696202533,1.0,,0.0,0.31645569620253167,1.0
13,LogTrainer,0.27353410672685613,1.5,0.7974683544303798,0.65,0.65,0.3333333333333333,0.2,0.782608695652174,0.72
13,SecondTrainerNoPat,0.2574525303918094,1.5925925925925926,0.8354430379746836,0.75,0.75,0.25,0.2,0.8333333333333334,0.8
13,SecondTrainer,0.27852251975861286,1.6111111111111112,0.8354430379746836,0.7894736842105263,0.75,0.3333333333333333,0.2,0.8181818181818182,0.72
13,AlgoTrainerNoPat,0.38381686208860877,1.6481481481481481,0.759493670886076,0.6,0.45,0.3333333333333333,0.4,0.7619047619047619,0.64
13,AlgoTrainer,0.39257242531096526,1.6666666666666667,0.7721518987341772,0.625,0.5,0.3333333333333333,0.4,0.7727272727272727,0.68
13,Algo1,0.25695457758061374,1.2222222222222223,0.8481012658227848,0.8235294117647058,0.7,0.5,0.2,0.8947368421052632,0.68
13,Algo2,0.2682906540677938,1.5925925925925926,0.7974683544303798,0.6111111111111112,0.55,1.0,0.2,0.8421052631578947,0.64
13,Algo3,0.675926573659371,2.4074074074074074,0.7088607594936709,0.5555555555555556,0.25,0.2222222222222222,0.4,0.7222222222222222,0.52
13,SessionTrainer,1.0,2.2777777777777777,0.6835443037974683,,0.0,,0.0,,0.0
13,SessionCatTrainer,0.0,0.0,0.25316455696202533,0.25316455696202533,1.0,,0.0,0.31645569620253167,1.0
14,LogTrainer,0.26871422897818587,1.462962962962963,0.7974683544303798,0.6363636363636364,0.7,0.3333333333333333,0.2,0.76,0.76
14,SecondTrainerNoPat,0.30241282210582127,1.5740740740740742,0.8227848101265823,0.7,0.7,0.25,0.2,0.8333333333333334,0.8
14,SecondTrainer,0.23282627141825188,1.4444444444444444,0.8607594936708861,0.7619047619047619,0.8,0.3333333333333333,0.2,0.875,0.84
14,AlgoTrainerNoPat,0.30688768374007563,1.5555555555555556,0.810126582278481,0.65,0.65,0.3333333333333333,0.2,0.8260869565217391,0.76
14,AlgoTrainer,0.3790505009987183,1.5925925925925926,0.7848101265822784,0.6666666666666666,0.5,0.3333333333333333,0.4,0.8095238095238095,0.68
14,Algo1,0.25695457758061374,1.2222222222222223,0.8481012658227848,0.8235294117647058,0.7,0.5,0.2,0.8947368421052632,0.68
14,Algo2,0.2682906540677938,1.5925925925925926,0.7974683544303798,0.6111111111111112,0.55,1.0,0.2,0.8421052631578947,0.64
14,Algo3,0.675926573659371,2.4074074074074074,0.7088607594936709,0.5555555555555556,0.25,0.2222222222222222,0.4,0.7222222222222222,0.52
14,SessionTrainer,0.30205527275081856,7.814814814814815,0.5569620253164557,0.32432432432432434,0.6,0.5,0.2,0.41025641025641024,0.64
14,SessionCatTrainer,0.0,0.0,0.25316455696202533,0.25316455696202533,1.0,,0.0,0.31645569620253167,1.0
15,LogTrainer,0.27353410672685613,1.4814814814814814,0.7974683544303798,0.65,0.65,0.3333333333333333,0.2,0.782608695652174,0.72
15,SecondTrainerNoPat,0.2978922876284805,1.4444444444444444,0.8227848101265823,0.7,0.7,0.25,0.2,0.8333333333333334,0.8
15,SecondTrainer,0.29220649747070393,1.4814814814814814,0.8227848101265823,0.7,0.7,0.25,0.2,0.8333333333333334,0.8
15,AlgoTrainerNoPat,0.32771681539273667,1.5740740740740742,0.810126582278481,0.6842105263157895,0.65,0.3333333333333333,0.2,0.8181818181818182,0.72
15,AlgoTrainer,0.33152685922220526,1.4444444444444444,0.8227848101265823,0.6666666666666666,0.7,0.3333333333333333,0.2,0.8333333333333334,0.8
15,Algo1,0.25695457758061374,1.2222222222222223,0.8481012658227848,0.8235294117647058,0.7,0.5,0.2,0.8947368421052632,0.68
15,Algo2,0.2682906540677938,1.5925925925925926,0.7974683544303798,0.6111111111111112,0.55,1.0,0.2,0.8421052631578947,0.64
15,Algo3,0.675926573659371,2.4074074074074074,0.7088607594936709,0.5555555555555556,0.25,0.2222222222222222,0.4,0.7222222222222222,0.52
15,SessionTrainer,1.0,2.2777777777777777,0.6835443037974683,,0.0,,0.0,,0.0
15,SessionCatTrainer,0.0,0.0,0.6075949367088608,0.37209302325581395,0.8,,0.0,0.4883720930232558,0.84
16,LogTrainer,0.3340598637388406,2.38125,0.8784530386740331,0.5,0.45,0.5714285714285714,0.8,0.6,0.6
16,SecondTrainerNoPat,0.26154317157007706,1.36875,0.9116022099447514,0.6428571428571429,0.45,0.8,0.8,0.7894736842105263,0.6
16,SecondTrainer,0.28464776973917466,1.89375,0.8839779005524862,0.5,0.3,0.6666666666666666,0.8,0.6666666666666666,0.48
16,AlgoTrainerNoPat,0.2597172346085069,1.625,0.9171270718232044,0.6666666666666666,0.5,0.8,0.8,0.8,0.64
16,AlgoTrainer,0.24073553977541887,1.6,0.9226519337016574,0.6875,0.55,1.0,0.8,0.8,0.64
16,Algo1,0.433145338589095,2.20625,0.856353591160221,0.3333333333333333,0.2,0.3333333333333333,0.4,0.6111111111111112,0.44
16,Algo2,0.4333559208522352,2.5375,0.850828729281768,0.25,0.1,0.4444444444444444,0.8,0.5294117647058824,0.36
16,Algo3,0.4515697375475497,1.975,0.8895027624309392,0.5217391304347826,0.6,0.0,0.0,0.72,0.72
16,SessionTrainer,0.38882860638905165,2.4875,0.8674033149171271,0.47368421052631576,0.45,0.3333333333333333,0.2,0.5909090909090909,0.52
16,SessionCatTrainer,0.0,0.0,0.7016574585635359,0.25,0.85,,0.0,0.3235294117647059,0.88
17,LogTrainer,0.3421164289677484,2.4125,0.8729281767955801,0.5,0.45,0.5714285714285714,0.8,0.56,0.56
17,SecondTrainerNoPat,0.25697529608225467,1.43125,0.9226519337016574,0.7142857142857143,0.5,0.8,0.8,0.8421052631578947,0.64
17,SecondTrainer,0.23828504104377612,1.45625,0.9226519337016574,0.7142857142857143,0.5,0.8,0.8,0.8421052631578947,0.64
17,AlgoTrainerNoPat,0.2713535777592979,1.575,0.9171270718232044,0.6666666666666666,0.5,0.8,0.8,0.8,0.64
17,AlgoTrainer,0.2504695469294467,1.5875,0.9226519337016574,0.6875,0.55,1.0,0.8,0.8,0.64
17,Algo1,0.433145338589095,2.20625,0.856353591160221,0.3333333333333333,0.2,0.3333333333333333,0.4,0.6111111111111112,0.44
17,Algo2,0.4333559208522352,2.5375,0.850828729281768,0.25,0.1,0.4444444444444444,0.8,0.5294117647058824,0.36
17,Algo3,0.4515697375475497,1.975,0.8895027624309392,0.5217391304347826,0.6,0.0,0.0,0.72,0.72
17,SessionTrainer,0.37257741930453114,2.55,0.8729281767955801,0.5,0.55,0.3333333333333333,0.2,0.6,0.6
17,SessionCatTrainer,0.0,0.0,0.861878453038674,,0.0,,0.0,,0.0
18,LogTrainer,0.4261714739195205,2.98125,0.850828729281768,0.45454545454545453,0.25,0.4,0.8,0.47619047619047616,0.4
18,SecondTrainerNoPat,0.25369387916564684,1.53125,0.9226519337016574,0.6875,0.55,1.0,0.8,0.8,0.64
18,SecondTrainer,0.24271318895747618,1.59375,0.9226519337016574,0.6875,0.55,0.8,0.8,0.8095238095238095,0.68
18,AlgoTrainerNoPat,0.2736839467858191,1.6125,0.9116022099447514,0.625,0.5,0.8,0.8,0.7619047619047619,0.64
18,AlgoTrainer,0.25401070821054605,1.60625,0.9171270718232044,0.6470588235294118,0.55,1.0,0.8,0.7619047619047619,0.64
18,Algo1,0.433145338589095,2.20625,0.856353591160221,0.3333333333333333,0.2,0.3333333333333333,0.4,0.6111111111111112,0.44
18,Algo2,0.4333559208522352,2.5375,0.850828729281768,0.25,0.1,0.4444444444444444,0.8,0.5294117647058824,0.36
18,Algo3,0.4515697375475497,1.975,0.8895027624309392,0.5217391304347826,0.6,0.0,0.0,0.72,0.72
18,SessionTrainer,0.9801178678371661,3.275,0.861878453038674,,0.0,,0.0,,0.0
18,SessionCatTrainer,0.0,0.0,0.11049723756906077,0.11049723756906077,1.0,,0.0,0.13812154696132597,1.0
19,LogTrainer,0.37907074237975014,2.6375,0.861878453038674,0.4375,0.35,0.5714285714285714,0.8,0.5217391304347826,0.48
19,SecondTrainerNoPat,0.2630169349191168,1.53125,0.9337016574585635,0.75,0.6,1.0,0.8,0.85,0.68
19,SecondTrainer,0.24425650663487902,1.4,0.9226519337016574,0.6875,0.55,1.0,0.8,0.8,0.64
19,AlgoTrainerNoPat,0.2588243285427422,1.60625,0.9226519337016574,0.6875,0.55,1.0,0.8,0.8,0.64
19,AlgoTrainer,0.2581304556610468,1.5625,0.9226519337016574,0.6875,0.55,1.0,0.8,0.8,0.64
19,Algo1,0.433145338589095,2.20625,0.856353591160221,0.3333333333333333,0.2,0.3333333333333333,0.4,0.6111111111111112,0.44
19,Algo2,0.4333559208522352,2.5375,0.850828729281768,0.25,0.1,0.4444444444444444,0.8,0.5294117647058824,0.36
19,Algo3,0.4515697375475497,1.975,0.8895027624309392,0.5217391304347826,0.6,0.0,0.0,0.72,0.72
19,SessionTrainer,1.0,3.31875,0.861878453038674,,0.0,,0.0,,0.0
19,SessionCatTrainer,0.0,0.0,0.8674033149171271,0.5,0.1,,0.0,0.75,0.12
20,LogTrainer,0.42037161693287295,3.03125,0.850828729281768,0.46153846153846156,0.3,0.4,0.8,0.4782608695652174,0.44
20,SecondTrainerNoPat,0.26783902576693375,1.525,0.9171270718232044,0.6666666666666666,0.5,0.8,0.8,0.8,0.64
20,SecondTrainer,0.2613000335154987,1.55625,0.9226519337016574,0.6875,0.55,0.8,0.8,0.8095238095238095,0.68
20,AlgoTrainerNoPat,0.25507064090102566,1.65,0.9171270718232044,0.6666666666666666,0.5,0.8,0.8,0.8,0.64
20,AlgoTrainer,0.25235917585725925,1.55,0.9171270718232044,0.6470588235294118,0.55,1.0,0.8,0.7619047619047619,0.64
20,Algo1,0.433145338589095,2.20625,0.856353591160221,0.3333333333333333,0.2,0.3333333333333333,0.4,0.6111111111111112,0.44
20,Algo2,0.4333559208522352,2.5375,0.850828729281768,0.25,0.1,0.4444444444444444,0.8,0.5294117647058824,0.36
20,Algo3,0.4515697375475497,1.975,0.8895027624309392,0.5217391304347826,0.6,0.0,0.0,0.72,0.72
20,SessionTrainer,1.0,3.31875,0.861878453038674,,0.0,,0.0,,0.0
20,SessionCatTrainer,0.0,0.0,0.11049723756906077,0.11049723756906077,1.0,,0.0,0.13812154696132597,1.0
21,LogTrainer,0.31580788397093873,2.2125,0.8839779005524862,0.47058823529411764,0.4,0.8,0.8,0.6363636363636364,0.56
21,SecondTrainerNoPat,0.25384386493593336,1.5625,0.9281767955801105,0.7058823529411765,0.6,1.0,0.8,0.8095238095238095,0.68
21,SecondTrainer,0.23388978166547084,1.54375,0.9226519337016574,0.6875,0.55,1.0,0.8,0.8,0.64
21,AlgoTrainerNoPat,0.28143348091564213,1.59375,0.9116022099447514,0.625,0.5,0.8,0.8,0.7619047619047619,0.64
21,AlgoTrainer,0.25110520107387274,1.53125,0.9116022099447514,0.6111111111111112,0.55,1.0,0.8,0.7272727272727273,0.64
21,Algo1,0.433145338589095,2.20625,0.856353591160221,0.3333333333333333,0.2,0.3333333333333333,0.4,0.6111111111111112,0.44
21,Algo2,0.4333559208522352,2.5375,0.850828729281768,0.25,0.1,0.4444444444444444,0.8,0.5294117647058824,0.36
21,Algo3,0.4515697375475497,1.975,0.8895027624309392,0.5217391304347826,0.6,0.0,0.0,0.72,0.72
21,SessionTrainer,0.39350865477395025,2.475,0.861878453038674,0.4117647058823529,0.35,0.3333333333333333,0.2,0.6,0.48
21,SessionCatTrainer,0.0,0.0,0.09944751381215469,0.09142857142857143,0.8,,0.0,0.12,0.84
22,LogTrainer,0.3363602312610863,2.4125,0.8674033149171271,0.47058823529411764,0.4,0.5714285714285714,0.8,0.5416666666666666,0.52
22,SecondTrainerNoPat,0.28595217636939585,1.69375,0.9226519337016574,0.6875,0.55,0.8,0.8,0.8095238095238095,0.68
22,SecondTrainer,0.2375413507324166,1.55,0.9226519337016574,0.6875,0.55,1.0,0.8,0.8,0.64
22,AlgoTrainerNoPat,0.243432384267929,1.60625,0.9171270718232044,0.6666666666666666,0.5,0.8,0.8,0.8,0.64
22,AlgoTrainer,0.25084632061633383,1.58125,0.9171270718232044,0.631578947368421,0.6,1.0,0.8,0.7391304347826086,0.68
22,Algo1,0.433145338589095,2.20625,0.856353591160221,0.3333333333333333,0.2,0.3333333333333333,0.4,0.6111111111111112,0.44
22,Algo2,0.4333559208522352,2.5375,0.850828729281768,0.25,0.1,0.4444444444444444,0.8,0.5294117647058824,0.36
22,Algo3,0.4515697375475497,1.975,0.8895027624309392,0.5217391304347826,0.6,0.0,0.0,0.72,0.72
22,SessionTrainer,0.45811328573196486,2.5125,0.850828729281768,0.35714285714285715,0.25,0.3333333333333333,0.2,0.5294117647058824,0.36
22,SessionCatTrainer,0.0,0.0,0.6629834254143646,0.24050632911392406,0.95,,0.0,0.3037974683544304,0.96
23,LogTrainer,0.3328073284821773,2.325,0.8729281767955801,0.47058823529411764,0.4,0.6666666666666666,0.8,0.5652173913043478,0.52
23,SecondTrainerNoPat,0.26721310847434987,1.53125,0.9171270718232044,0.6666666666666666,0.5,1.0,0.8,0.7894736842105263,0.6
23,SecondTrainer,0.24652710802828745,1.58125,0.9226519337016574,0.6875,0.55,1.0,0.8,0.8,0.64
23,AlgoTrainerNoPat,0.24672851814971825,1.65,0.9116022099447514,0.6428571428571429,0.45,0.6666666666666666,0.8,0.8,0.64
23,AlgoTrainer,0.22541087476035138,1.54375,0.9281767955801105,0.7333333333333333,0.55,1.0,0.8,0.8421052631578947,0.64
23,Algo1,0.433145338589095,2.20625,0.856353591160221,0.3333333333333333,0.2,0.3333333333333333,0.4,0.6111111111111112,0.44
23,Algo2,0.4333559208522352,2.5375,0.850828729281768,0.25,0.1,0.4444444444444444,0.8,0.5294117647058824,0.36
23,Algo3,0.4515697375475497,1.975,0.8895027624309392,0.5217391304347826,0.6,0.0,0.0,0.72,0.72
23,SessionTrainer,0.4464495109102953,2.38125,0.856353591160221,0.36363636363636365,0.2,0.3333333333333333,0.2,0.5714285714285714,0.32
23,SessionCatTrainer,0.0,0.0,0.861878453038674,,0.0,,0.0,,0.0
24,LogTrainer,0.3052015691562795,2.160919540229885,0.8625592417061612,0.5,0.41379310344827586,1.0,0.7,0.7096774193548387,0.5641025641025641
24,SecondTrainerNoPat,0.2504179214042817,1.5689655172413792,0.9052132701421801,0.6956521739130435,0.5517241379310345,1.0,0.7,0.8666666666666667,0.6666666666666666
24,SecondTrainer,0.26776653301355513,1.6206896551724137,0.8909952606635071,0.65,0.4482758620689655,0.8888888888888888,0.8,0.8275862068965517,0.6153846153846154
24,AlgoTrainerNoPat,0.24784998135013878,1.5977011494252873,0.9052132701421801,0.7142857142857143,0.5172413793103449,1.0,0.7,0.8928571428571429,0.6410256410256411
24,AlgoTrainer,0.23024194428271674,1.4540229885057472,0.909952606635071,0.7272727272727273,0.5517241379310345,1.0,0.8,0.8666666666666667,0.6666666666666666
24,Algo1,0.44283121027049854,1.971264367816092,0.8246445497630331,0.3333333333333333,0.20689655172413793,0.5714285714285714,0.4,0.68,0.4358974358974359
24,Algo2,0.45142271429041797,2.1551724137931036,0.8293838862559242,0.38095238095238093,0.27586206896551724,0.6,0.3,0.6923076923076923,0.46153846153846156
24,Algo3,0.5260758868824189,2.5517241379310347,0.8341232227488151,0.4782608695652174,0.3793103448275862,0.2,0.1,0.7142857142857143,0.5128205128205128
24,SessionTrainer,0.42142197531438164,2.3333333333333335,0.8436018957345972,0.5555555555555556,0.3448275862068966,0.5,0.1,0.75,0.38461538461538464
24,SessionCatTrainer,0.0,0.0,0.3981042654028436,0.1830065359477124,0.9655172413793104,,0.0,0.24183006535947713,0.9487179487179487
25,LogTrainer,0.46599825362986885,2.6724137931034484,0.8246445497630331,0.3333333333333333,0.20689655172413793,0.5,0.6,0.6666666666666666,0.5128205128205128
25,SecondTrainerNoPat,0.2599752862635042,1.5862068965517242,0.8815165876777251,0.6,0.41379310344827586,1.0,0.7,0.8148148148148148,0.5641025641025641
25,SecondTrainer,0.24891078728120242,1.4942528735632183,0.8957345971563981,0.6666666666666666,0.4827586206896552,1.0,0.8,0.8275862068965517,0.6153846153846154
25,AlgoTrainerNoPat,0.2454752289753864,1.5344827586206897,0.909952606635071,0.7272727272727273,0.5517241379310345,1.0,0.7,0.896551724137931,0.6666666666666666
25,AlgoTrainer,0.24924916378380396,1.4885057471264367,0.8957345971563981,0.6521739130434783,0.5172413793103449,1.0,0.7,0.8333333333333334,0.6410256410256411
25,Algo1,0.44283121027049854,1.971264367816092,0.8246445497630331,0.3333333333333333,0.20689655172413793,0.5714285714285714,0.4,0.68,0.4358974358974359
25,Algo2,0.45142271429041797,2.1551724137931036,0.8293838862559242,0.38095238095238093,0.27586206896551724,0.6,0.3,0.6923076923076923,0.46153846153846156
25,Algo3,0.5260758868824189,2.5517241379310347,0.8341232227488151,0.4782608695652174,0.3793103448275862,0.2,0.1,0.7142857142857143,0.5128205128205128
25,SessionTrainer,0.3678632783812255,2.689655172413793,0.8293838862559242,0.4375,0.4827586206896552,0.3333333333333333,0.1,0.6571428571428571,0.5897435897435898
25,SessionCatTrainer,0.0,0.0,0.7061611374407583,0.3,0.8275862068965517,,0.0,0.4125,0.8461538461538461
26,LogTrainer,0.34133902533818483,2.3505747126436782,0.8625592417061612,0.5,0.41379310344827586,1.0,0.7,0.7096774193548387,0.5641025641025641
26,SecondTrainerNoPat,0.24224420459397475,1.4655172413793103,0.8909952606635071,0.6363636363636364,0.4827586206896552,1.0,0.7,0.8275862068965517,0.6153846153846154
26,SecondTrainer,0.2583594432376579,1.5574712643678161,0.8862559241706162,0.631578947368421,0.41379310344827586,0.8888888888888888,0.8,0.8214285714285714,0.5897435897435898
26,AlgoTrainerNoPat,0.2535673899175274,1.6264367816091954,0.8957345971563981,0.6666666666666666,0.4827586206896552,0.8888888888888888,0.8,0.8333333333333334,0.6410256410256411
26,AlgoTrainer,0.23928981924272372,1.5402298850574712,0.9004739336492891,0.6818181818181818,0.5172413793103449,1.0,0.8,0.8333333333333334,0.6410256410256411
26,Algo1,0.44283121027049854,1.971264367816092,0.8246445497630331,0.3333333333333333,0.20689655172413793,0.5714285714285714,0.4,0.68,0.4358974358974359
26,Algo2,0.45142271429041797,2.1551724137931036,0.8293838862559242,0.38095238095238093,0.27586206896551724,0.6,0.3,0.6923076923076923,0.46153846153846156
26,Algo3,0.5260758868824189,2.5517241379310347,0.8341232227488151,0.4782608695652174,0.3793103448275862,0.2,0.1,0.7142857142857143,0.5128205128205128
26,SessionTrainer,0.9840414507662761,3.2471264367816093,0.8151658767772512,,0.0,,0.0,,0.0
26,SessionCatTrainer,0.0,0.0,0.13744075829383887,0.13744075829383887,1.0,,0.0,0.1848341232227488,1.0
27,LogTrainer,0.335287692027251,2.3505747126436782,0.8720379146919431,0.5454545454545454,0.41379310344827586,1.0,0.7,0.7586206896551724,0.5641025641025641
27,SecondTrainerNoPat,0.2462145721171276,1.5402298850574712,0.9004739336492891,0.6818181818181818,0.5172413793103449,1.0,0.8,0.8333333333333334,0.6410256410256411
27,SecondTrainer,0.2604699825655154,1.5459770114942528,0.8909952606635071,0.6363636363636364,0.4827586206896552,1.0,0.7,0.8275862068965517,0.6153846153846154
27,AlgoTrainerNoPat,0.24168610619783415,1.5344827586206897,0.909952606635071,0.7272727272727273,0.5517241379310345,1.0,0.8,0.8666666666666667,0.6666666666666666
27,AlgoTrainer,0.26760442990238176,1.6436781609195403,0.8909952606635071,0.6666666666666666,0.41379310344827586,0.875,0.7,0.8846153846153846,0.5897435897435898
27,Algo1,0.44283121027049854,1.971264367816092,0.8246445497630331,0.3333333333333333,0.20689655172413793,0.5714285714285714,0.4,0.68,0.4358974358974359
27,Algo2,0.45142271429041797,2.1551724137931036,0.8293838862559242,0.38095238095238093,0.27586206896551724,0.6,0.3,0.6923076923076923,0.46153846153846156
27,Algo3,0.5260758868824189,2.5517241379310347,0.8341232227488151,0.4782608695652174,0.3793103448275862,0.2,0.1,0.7142857142857143,0.5128205128205128
27,SessionTrainer,0.39964697876701427,2.1436781609195403,0.8483412322274881,0.5,0.5172413793103449,0.5,0.2,0.7058823529411765,0.6153846153846154
27,SessionCatTrainer,0.0,0.0,0.13744075829383887,0.13744075829383887,1.0,,0.0,0.1848341232227488,1.0
28,LogTrainer,0.29925135490797844,2.0919540229885056,0.8720379146919431,0.5454545454545454,0.41379310344827586,1.0,0.7,0.7586206896551724,0.5641025641025641
28,SecondTrainerNoPat,0.2648736284309827,1.5919540229885059,0.8767772511848341,0.5789473684210527,0.3793103448275862,1.0,0.7,0.8076923076923077,0.5384615384615384
28,SecondTrainer,0.23832424026634952,1.5172413793103448,0.9004739336492891,0.7,0.4827586206896552,1.0,0.8,0.8571428571428571,0.6153846153846154
28,AlgoTrainerNoPat,0.24025716125731866,1.5862068965517242,0.9146919431279621,0.7619047619047619,0.5517241379310345,1.0,0.8,0.896551724137931,0.6666666666666666
28,AlgoTrainer,0.2521248431300715,1.5919540229885059,0.8957345971563981,0.6666666666666666,0.4827586206896552,1.0,0.7,0.8571428571428571,0.6153846153846154
28,Algo1,0.44283121027049854,1.971264367816092,0.8246445497630331,0.3333333333333333,0.20689655172413793,0.5714285714285714,0.4,0.68,0.4358974358974359
28,Algo2,0.45142271429041797,2.1551724137931036,0.8293838862559242,0.38095238095238093,0.27586206896551724,0.6,0.3,0.6923076923076923,0.46153846153846156
28,Algo3,0.5260758868824189,2.5517241379310347,0.8341232227488151,0.4782608695652174,0.3793103448275862,0.2,0.1,0.7142857142857143,0.5128205128205128
28,SessionTrainer,0.3516047030347821,2.7413793103448274,0.8199052132701422,0.4117647058823529,0.4827586206896552,0.3333333333333333,0.1,0.6216216216216216,0.5897435897435898
28,SessionCatTrainer,0.0,0.0,0.5213270142180095,0.1891891891891892,0.7241379310344828,,0.0,0.25225225225225223,0.717948717948718
29,LogTrainer,0.3077085149708478,2.218390804597701,0.8767772511848341,0.5714285714285714,0.41379310344827586,1.0,0.7,0.7857142857142857,0.5641025641025641
29,SecondTrainerNoPat,0.2686115691296836,1.5632183908045978,0.8672985781990521,0.5263157894736842,0.3448275862068966,0.875,0.7,0.7777777777777778,0.5384615384615384
29,SecondTrainer,0.25314508121870966,1.5517241379310345,0.8862559241706162,0.6190476190476191,0.4482758620689655,0.8888888888888888,0.8,0.8,0.6153846153846154
29,AlgoTrainerNoPat,0.24751233980121728,1.5689655172413792,0.8957345971563981,0.6666666666666666,0.4827586206896552,1.0,0.7,0.8571428571428571,0.6153846153846154
29,AlgoTrainer,0.23938366487165197,1.5459770114942528,0.8957345971563981,0.6521739130434783,0.5172413793103449,1.0,0.7,0.8333333333333334,0.6410256410256411
29,Algo1,0.44283121027049854,1.971264367816092,0.8246445497630331,0.3333333333333333,0.20689655172413793,0.5714285714285714,0.4,0.68,0.4358974358974359
29,Algo2,0.45142271429041797,2.1551724137931036,0.8293838862559242,0.38095238095238093,0.27586206896551724,0.6,0.3,0.6923076923076923,0.46153846153846156
29,Algo3,0.5260758868824189,2.5517241379310347,0.8341232227488151,0.4782608695652174,0.3793103448275862,0.2,0.1,0.7142857142857143,0.5128205128205128
29,SessionTrainer,0.3604122381581067,2.586206896551724,0.8293838862559242,0.4411764705882353,0.5172413793103449,0.3333333333333333,0.1,0.6486486486486487,0.6153846153846154
29,SessionCatTrainer,0.0,0.0,0.8151658767772512,,0.0,,0.0,,0.0
30,LogTrainer,0.2913320467256662,2.0632183908045976,0.8720379146919431,0.5454545454545454,0.41379310344827586,1.0,0.7,0.7586206896551724,0.5641025641025641
30,SecondTrainerNoPat,0.23130602246281529,1.4252873563218391,0.8957345971563981,0.6666666666666666,0.4827586206896552,1.0,0.8,0.8275862068965517,0.6153846153846154
30,SecondTrainer,0.2803923542411572,1.7586206896551724,0.8672985781990521,0.5238095238095238,0.3793103448275862,0.8888888888888888,0.8,0.7333333333333333,0.5641025641025641
30,AlgoTrainerNoPat,0.2335667548299164,1.4942528735632183,0.9052132701421801,0.7142857142857143,0.5172413793103449,1.0,0.8,0.8620689655172413,0.6410256410256411
30,AlgoTrainer,0.22906711145542746,1.4770114942528736,0.9052132701421801,0.7368421052631579,0.4827586206896552,1.0,0.8,0.8888888888888888,0.6153846153846154
30,Algo1,0.44283121027049854,1.971264367816092,0.8246445497630331,0.3333333333333333,0.20689655172413793,0.5714285714285714,0.4,0.68,0.4358974358974359
30,Algo2,0.45142271429041797,2.1551724137931036,0.8293838862559242,0.38095238095238093,0.27586206896551724,0.6,0.3,0.6923076923076923,0.46153846153846156
30,Algo3,0.5260758868824189,2.5517241379310347,0.8341232227488151,0.4782608695652174,0.3793103448275862,0.2,0.1,0.7142857142857143,0.5128205128205128
30,SessionTrainer,0.37742273321275893,2.735632183908046,0.8151658767772512,0.4,0.41379310344827586,0.3333333333333333,0.1,0.6060606060606061,0.5128205128205128
30,SessionCatTrainer,0.0,0.0,0.7488151658767772,0.28,0.4827586206896552,,0.0,0.44,0.5641025641025641
31,LogTrainer,0.3139214061925058,2.2528735632183907,0.8672985781990521,0.5217391304347826,0.41379310344827586,1.0,0.7,0.7333333333333333,0.5641025641025641
31,SecondTrainerNoPat,0.2443913202938758,1.471264367816092,0.8957345971563981,0.6666666666666666,0.4827586206896552,1.0,0.8,0.8275862068965517,0.6153846153846154
31,SecondTrainer,0.24446504405181005,1.5114942528735633,0.8909952606635071,0.6363636363636364,0.4827586206896552,1.0,0.7,0.8275862068965517,0.6153846153846154
31,AlgoTrainerNoPat,0.23943157715656005,1.603448275862069,0.9052132701421801,0.6956521739130435,0.5517241379310345,1.0,0.7,0.8666666666666667,0.6666666666666666
31,AlgoTrainer,0.2532880830769605,1.6551724137931034,0.8909952606635071,0.65,0.4482758620689655,0.875,0.7,0.8571428571428571,0.6153846153846154
31,Algo1,0.44283121027049854,1.971264367816092,0.8246445497630331,0.3333333333333333,0.20689655172413793,0.5714285714285714,0.4,0.68,0.4358974358974359
31,Algo2,0.45142271429041797,2.1551724137931036,0.8293838862559242,0.38095238095238093,0.27586206896551724,0.6,0.3,0.6923076923076923,0.46153846153846156
31,Algo3,0.5260758868824189,2.5517241379310347,0.8341232227488151,0.4782608695652174,0.3793103448275862,0.2,0.1,0.7142857142857143,0.5128205128205128
31,SessionTrainer,1.0,3.281609195402299,0.8151658767772512,,0.0,,0.0,,0.0
31,SessionCatTrainer,0.0,0.0,0.5639810426540285,0.22807017543859648,0.896551724137931,,0.0,0.30701754385964913,0.8974358974358975
32,LogTrainer,0.3870004532378757,2.8035714285714284,0.821917808219178,0.5,0.5238095238095238,0.5,0.5,0.65625,0.6774193548387096
32,SecondTrainerNoPat,0.4225158747838753,2.7767857142857144,0.8013698630136986,0.5,0.42857142857142855,0.3333333333333333,0.4,0.6333333333333333,0.6129032258064516
32,SecondTrainer,0.4362209399701712,2.7142857142857144,0.8013698630136986,0.5,0.38095238095238093,0.3076923076923077,0.4,0.6551724137931034,0.6129032258064516
32,AlgoTrainerNoPat,0.41265610376288353,2.5089285714285716,0.821917808219178,0.5454545454545454,0.5714285714285714,0.4,0.4,0.65625,0.6774193548387096
32,AlgoTrainer,0.40039225482504437,2.5535714285714284,0.821917808219178,0.55,0.5238095238095238,0.36363636363636365,0.4,0.6774193548387096,0.6774193548387096
32,Algo1,0.3979805306878128,3.25,0.815068493150685,0.47368421052631576,0.42857142857142855,0.375,0.3,0.7037037037037037,0.6129032258064516
32,Algo2,0.4275934731175348,2.794642857142857,0.8082191780821918,0.5,0.42857142857142855,0.25,0.2,0.6923076923076923,0.5806451612903226
32,Algo3,0.628550484580006,3.2857142857142856,0.773972602739726,0.42857142857142855,0.2857142857142857,0.3333333333333333,0.5,0.5517241379310345,0.5161290322580645
32,SessionTrainer,0.372611491006423,2.6339285714285716,0.7808219178082192,0.375,0.42857142857142855,0.5,0.3,0.5666666666666667,0.5483870967741935
32,SessionCatTrainer,0.0,0.0,0.7671232876712328,0.35294117647058826,0.2857142857142857,,0.0,0.47058823529411764,0.25806451612903225
33,LogTrainer,0.4363054199470455,3.5892857142857144,0.7876712328767124,0.42857142857142855,0.42857142857142855,0.45454545454545453,0.5,0.5625,0.5806451612903226
33,SecondTrainerNoPat,0.422981963035166,2.732142857142857,0.7945205479452054,0.47058823529411764,0.38095238095238093,0.3076923076923077,0.4,0.6333333333333333,0.6129032258064516
33,SecondTrainer,0.42711338510624264,2.6160714285714284,0.8287671232876712,0.5454545454545454,0.5714285714285714,0.4444444444444444,0.4,0.6774193548387096,0.6774193548387096
33,AlgoTrainerNoPat,0.43292429168503266,2.455357142857143,0.815068493150685,0.48,0.5714285714285714,0.4444444444444444,0.4,0.6470588235294118,0.7096774193548387
33,AlgoTrainer,0.39400568401939556,2.5625,0.8287671232876712,0.5714285714285714,0.5714285714285714,0.4,0.4,0.6774193548387096,0.6774193548387096
33,Algo1,0.3979805306878128,3.25,0.815068493150685,0.47368421052631576,0.42857142857142855,0.375,0.3,0.7037037037037037,0.6129032258064516
33,Algo2,0.4275934731175348,2.794642857142857,0.8082191780821918,0.5,0.42857142857142855,0.25,0.2,0.6923076923076923,0.5806451612903226
33,Algo3,0.628550484580006,3.2857142857142856,0.773972602739726,0.42857142857142855,0.2857142857142857,0.3333333333333333,0.5,0.5517241379310345,0.5161290322580645
33,SessionTrainer,0.43949911084268,2.4375,0.815068493150685,0.5,0.42857142857142855,0.35294117647058826,0.6,0.6857142857142857,0.7741935483870968
33,SessionCatTrainer,0.0,0.0,0.7397260273972602,0.1875,0.14285714285714285,0.3333333333333333,0.5,0.5161290322580645,0.5161290322580645
34,LogTrainer,0.4217384395868964,3.0892857142857144,0.8013698630136986,0.45,0.42857142857142855,0.5,0.5,0.6,0.5806451612903226
34,SecondTrainerNoPat,0.422882098742659,2.5625,0.8287671232876712,0.5789473684210527,0.5238095238095238,0.36363636363636365,0.4,0.7,0.6774193548387096
34,SecondTrainer,0.4035474596224568,2.75,0.8082191780821918,0.5263157894736842,0.47619047619047616,0.3333333333333333,0.4,0.6451612903225806,0.6451612903225806
34,AlgoTrainerNoPat,0.41052826424266387,2.4107142857142856,0.8287671232876712,0.5217391304347826,0.5714285714285714,0.4444444444444444,0.4,0.6875,0.7096774193548387
34,AlgoTrainer,0.4068435396572959,2.5357142857142856,0.821917808219178,0.48,0.5714285714285714,0.5555555555555556,0.5,0.6470588235294118,0.7096774193548387
34,Algo1,0.3979805306878128,3.25,0.815068493150685,0.47368421052631576,0.42857142857142855,0.375,0.3,0.7037037037037037,0.6129032258064516
34,Algo2,0.4275934731175348,2.794642857142857,0.8082191780821918,0.5,0.42857142857142855,0.25,0.2,0.6923076923076923,0.5806451612903226
34,Algo3,0.628550484580006,3.2857142857142856,0.773972602739726,0.42857142857142855,0.2857142857142857,0.3333333333333333,0.5,0.5517241379310345,0.5161290322580645
34,SessionTrainer,0.9553839931728291,2.1339285714285716,0.7876712328767124,,0.0,,0.0,,0.0
34,SessionCatTrainer,0.0,0.0,0.6986301369863014,0.2857142857142857,0.6666666666666666,,0.0,0.4489795918367347,0.7096774193548387
35,LogTrainer,0.3933480039154005,2.6339285714285716,0.821917808219178,0.5238095238095238,0.5238095238095238,0.5,0.5,0.6451612903225806,0.6451612903225806
35,SecondTrainerNoPat,0.4319291890284661,2.794642857142857,0.8013698630136986,0.5,0.42857142857142855,0.3076923076923077,0.4,0.6451612903225806,0.6451612903225806
35,SecondTrainer,0.4418793064666038,2.7142857142857144,0.8013698630136986,0.5,0.42857142857142855,0.3076923076923077,0.4,0.6451612903225806,0.6451612903225806
35,AlgoTrainerNoPat,0.4220263995093399,2.625,0.815068493150685,0.5,0.47619047619047616,0.45454545454545453,0.5,0.6451612903225806,0.6451612903225806
35,AlgoTrainer,0.4164207489249012,2.7857142857142856,0.8082191780821918,0.47619047619047616,0.47619047619047616,0.5,0.5,0.6129032258064516,0.6129032258064516
35,Algo1,0.3979805306878128,3.25,0.815068493150685,0.47368421052631576,0.42857142857142855,0.375,0.3,0.7037037037037037,0.6129032258064516
35,Algo2,0.4275934731175348,2.794642857142857,0.8082191780821918,0.5,0.42857142857142855,0.25,0.2,0.6923076923076923,0.5806451612903226
35,Algo3,0.628550484580006,3.2857142857142856,0.773972602739726,0.42857142857142855,0.2857142857142857,0.3333333333333333,0.5,0.5517241379310345,0.5161290322580645
35,SessionTrainer,0.38819435033920147,2.4017857142857144,0.8287671232876712,0.55,0.5238095238095238,0.42857142857142855,0.6,0.6764705882352942,0.7419354838709677
35,SessionCatTrainer,0.0,0.0,0.4178082191780822,0.19811320754716982,1.0,,0.0,0.29245283018867924,1.0
36,LogTrainer,0.37101889922822207,2.2589285714285716,0.8356164383561644,0.5,0.5238095238095238,0.5555555555555556,0.5,0.7096774193548387,0.7096774193548387
36,SecondTrainerNoPat,0.43149631641030306,2.75,0.8082191780821918,0.5263157894736842,0.47619047619047616,0.3333333333333333,0.4,0.6451612903225806,0.6451612903225806
36,SecondTrainer,0.34712009979953806,2.7410714285714284,0.821917808219178,0.5,0.5714285714285714,0.5,0.3,0.6666666666666666,0.6451612903225806
36,AlgoTrainerNoPat,0.42398291904181945,2.3125,0.821917808219178,0.5,0.5714285714285714,0.4444444444444444,0.4,0.6666666666666666,0.7096774193548387
36,AlgoTrainer,0.38907344959752427,2.419642857142857,0.8287671232876712,0.5714285714285714,0.5714285714285714,0.4,0.4,0.6774193548387096,0.6774193548387096
36,Algo1,0.3979805306878128,3.25,0.815068493150685,0.47368421052631576,0.42857142857142855,0.375,0.3,0.7037037037037037,0.6129032258064516
36,Algo2,0.4275934731175348,2.794642857142857,0.8082191780821918,0.5,0.42857142857142855,0.25,0.2,0.6923076923076923,0.5806451612903226
36,Algo3,0.628550484580006,3.2857142857142856,0.773972602739726,0.42857142857142855,0.2857142857142857,0.3333333333333333,0.5,0.5517241379310345,0.5161290322580645
36,SessionTrainer,0.3529247904325196,2.767857142857143,0.773972602739726,0.36363636363636365,0.38095238095238093,0.3333333333333333,0.3,0.5806451612903226,0.5806451612903226
36,SessionCatTrainer,0.0,0.0,0.589041095890411,0.25925925925925924,1.0,,0.0,0.38271604938271603,1.0
37,LogTrainer,0.35487657031097114,2.3035714285714284,0.8356164383561644,0.5,0.47619047619047616,0.5555555555555556,0.5,0.7241379310344828,0.6774193548387096
37,SecondTrainerNoPat,0.41893587743851307,2.625,0.7945205479452054,0.4666666666666667,0.3333333333333333,0.3076923076923077,0.4,0.6428571428571429,0.5806451612903226
37,SecondTrainer,0.42752653449122346,2.4732142857142856,0.8082191780821918,0.4782608695652174,0.5238095238095238,0.4,0.4,0.6363636363636364,0.6774193548387096
37,AlgoTrainerNoPat,0.41285595994313906,2.5892857142857144,0.821917808219178,0.5238095238095238,0.5238095238095238,0.45454545454545453,0.5,0.65625,0.6774193548387096
37,AlgoTrainer,0.40691520786148283,2.580357142857143,0.821917808219178,0.5217391304347826,0.5714285714285714,0.5,0.5,0.6363636363636364,0.6774193548387096
37,Algo1,0.3979805306878128,3.25,0.815068493150685,0.47368421052631576,0.42857142857142855,0.375,0.3,0.7037037037037037,0.6129032258064516
37,Algo2,0.4275934731175348,2.794642857142857,0.8082191780821918,0.5,0.42857142857142855,0.25,0.2,0.6923076923076923,0.5806451612903226
37,Algo3,0.628550484580006,3.2857142857142856,0.773972602739726,0.42857142857142855,0.2857142857142857,0.3333333333333333,0.5,0.5517241379310345,0.5161290322580645
37,SessionTrainer,0.3792377511361433,2.705357142857143,0.7808219178082192,0.375,0.42857142857142855,0.5,0.3,0.5666666666666667,0.5483870967741935
37,SessionCatTrainer,0.0,0.0,0.4863013698630137,0.21875,1.0,,0.0,0.3229166666666667,1.0
38,LogTrainer,0.36887905315282443,2.4910714285714284,0.8356164383561644,0.5882352941176471,0.47619047619047616,0.5,0.6,0.6896551724137931,0.6451612903225806
38,SecondTrainerNoPat,0.4195215399913815,2.6160714285714284,0.8287671232876712,0.5454545454545454,0.5714285714285714,0.4444444444444444,0.4,0.6774193548387096,0.6774193548387096
38,SecondTrainer,0.32768743138272605,2.7410714285714284,0.821917808219178,0.5,0.5238095238095238,0.5,0.3,0.6785714285714286,0.6129032258064516
38,AlgoTrainerNoPat,0.4264904396019771,2.4375,0.815068493150685,0.5217391304347826,0.5714285714285714,0.36363636363636365,0.4,0.6470588235294118,0.7096774193548387
38,AlgoTrainer,0.415819348601094,2.4464285714285716,0.815068493150685,0.5217391304347826,0.5714285714285714,0.4,0.4,0.6363636363636364,0.6774193548387096
38,Algo1,0.3979805306878128,3.25,0.815068493150685,0.47368421052631576,0.42857142857142855,0.375,0.3,0.7037037037037037,0.6129032258064516
38,Algo2,0.4275934731175348,2.794642857142857,0.8082191780821918,0.5,0.42857142857142855,0.25,0.2,0.6923076923076923,0.5806451612903226
38,Algo3,0.628550484580006,3.2857142857142856,0.773972602739726,0.42857142857142855,0.2857142857142857,0.3333333333333333,0.5,0.5517241379310345,0.5161290322580645
38,SessionTrainer,0.37190643223898645,2.6517857142857144,0.7808219178082192,0.375,0.42857142857142855,0.42857142857142855,0.3,0.5806451612903226,0.5806451612903226
38,SessionCatTrainer,0.0,0.0,0.2876712328767123,0.168,1.0,,0.0,0.248,1.0
39,LogTrainer,0.37100963316474456,2.4285714285714284,0.8287671232876712,0.5263157894736842,0.47619047619047616,0.45454545454545453,0.5,0.7,0.6774193548387096
39,SecondTrainerNoPat,0.43315459616225427,2.857142857142857,0.8013698630136986,0.5,0.42857142857142855,0.3076923076923077,0.4,0.6451612903225806,0.6451612903225806
39,SecondTrainer,0.4117045666813948,2.9107142857142856,0.773972602739726,0.36363636363636365,0.38095238095238093,0.375,0.3,0.5666666666666667,0.5483870967741935
39,AlgoTrainerNoPat,0.40800963394601536,2.544642857142857,0.815068493150685,0.5238095238095238,0.5238095238095238,0.36363636363636365,0.4,0.65625,0.6774193548387096
39,AlgoTrainer,0.39883878431875347,2.642857142857143,0.821917808219178,0.5217391304347826,0.5714285714285714,0.4444444444444444,0.4,0.65625,0.6774193548387096
39,Algo1,0.3979805306878128,3.25,0.815068493150685,0.47368421052631576,0.42857142857142855,0.375,0.3,0.7037037037037037,0.6129032258064516
39,Algo2,0.4275934731175348,2.794642857142857,0.8082191780821918,0.5,0.42857142857142855,0.25,0.2,0.6923076923076923,0.5806451612903226
39,Algo3,0.628550484580006,3.2857142857142856,0.773972602739726,0.42857142857142855,0.2857142857142857,0.3333333333333333,0.5,0.5517241379310345,0.5161290322580645
39,SessionTrainer,0.3919234351602292,2.5089285714285716,0.7808219178082192,0.36,0.42857142857142855,0.6,0.3,0.5666666666666667,0.5483870967741935
39,SessionCatTrainer,0.0,0.0,0.5958904109589042,0.2564102564102564,0.9523809523809523,,0.0,0.38461538461538464,0.967741935483871
40,LogTrainer,0.43512659742416826,2.6390977443609023,0.779874213836478,0.23076923076923078,0.1111111111111111,0.0,0.0,0.3333333333333333,0.17857142857142858
40,SecondTrainerNoPat,0.26156239172433504,1.8571428571428572,0.8616352201257862,0.6923076923076923,0.3333333333333333,0.5,1.0,0.7333333333333333,0.39285714285714285
40,SecondTrainer,0.2628546891704787,1.7969924812030076,0.8616352201257862,0.6470588235294118,0.4074074074074074,0.5,1.0,0.6842105263157895,0.4642857142857143
40,AlgoTrainerNoPat,0.23644397943487008,1.7142857142857142,0.8679245283018868,0.6666666666666666,0.4444444444444444,0.5,1.0,0.7,0.5
40,AlgoTrainer,0.2433883508529257,1.7744360902255638,0.8679245283018868,0.6666666666666666,0.4444444444444444,0.5,1.0,0.7,0.5
40,Algo1,0.3998773915018854,1.7518796992481203,0.8427672955974843,0.625,0.18518518518518517,0.0,0.0,0.7777777777777778,0.25
40,Algo2,0.3982331686532091,2.1353383458646618,0.8490566037735849,0.7142857142857143,0.18518518518518517,0.0,0.0,0.8888888888888888,0.2857142857142857
40,Algo3,0.254189855353823,1.9699248120300752,0.8930817610062893,0.7083333333333334,0.6296296296296297,0.3333333333333333,1.0,0.7407407407407407,0.7142857142857143
40,SessionTrainer,0.38885280542669204,2.2857142857142856,0.8364779874213837,0.5384615384615384,0.25925925925925924,0.0,0.0,0.6666666666666666,0.35714285714285715
40,SessionCatTrainer,0.0,0.0,0.710691823899371,0.3137254901960784,0.5925925925925926,,0.0,0.3333333333333333,0.6071428571428571
41,LogTrainer,0.4417065559272037,2.6466165413533833,0.7861635220125787,0.2857142857142857,0.14814814814814814,0.0,0.0,0.375,0.21428571428571427
41,SecondTrainerNoPat,0.29145314031447633,2.0150375939849625,0.8490566037735849,0.6,0.3333333333333333,0.0,0.0,0.6875,0.39285714285714285
41,SecondTrainer,0.2986565475684909,2.142857142857143,0.8490566037735849,0.6,0.3333333333333333,0.0,0.0,0.6875,0.39285714285714285
41,AlgoTrainerNoPat,0.2413190385862451,1.699248120300752,0.8742138364779874,0.6666666666666666,0.5185185185185185,0.3333333333333333,1.0,0.7083333333333334,0.6071428571428571
41,AlgoTrainer,0.23897346749067397,1.7894736842105263,0.8742138364779874,0.6666666666666666,0.5185185185185185,0.3333333333333333,1.0,0.7083333333333334,0.6071428571428571
41,Algo1,0.3998773915018854,1.7518796992481203,0.8427672955974843,0.625,0.18518518518518517,0.0,0.0,0.7777777777777778,0.25
41,Algo2,0.3982331686532091,2.1353383458646618,0.8490566037735849,0.7142857142857143,0.18518518518518517,0.0,0.0,0.8888888888888888,0.2857142857142857
41,Algo3,0.254189855353823,1.9699248120300752,0.8930817610062893,0.7083333333333334,0.6296296296296297,0.3333333333333333,1.0,0.7407407407407407,0.7142857142857143
41,SessionTrainer,1.0,3.5037593984962405,0.8238993710691824,,0.0,,0.0,,0.0
41,SessionCatTrainer,0.0,0.0,0.22641509433962265,0.18,1.0,,0.0,0.18666666666666668,1.0
42,LogTrainer,0.4891253904664835,2.81203007518797,0.7861635220125787,0.2,0.07407407407407407,0.0,0.0,0.3333333333333333,0.14285714285714285
42,SecondTrainerNoPat,0.2624488113101473,1.8721804511278195,0.8616352201257862,0.6470588235294118,0.4074074074074074,0.0,0.0,0.7222222222222222,0.4642857142857143
42,SecondTrainer,0.25605712607230824,1.8195488721804511,0.8805031446540881,0.75,0.4444444444444444,0.5,1.0,0.7777777777777778,0.5
42,AlgoTrainerNoPat,0.22775779382560762,1.7518796992481203,0.8742138364779874,0.6842105263157895,0.48148148148148145,0.3333333333333333,1.0,0.7272727272727273,0.5714285714285714
42,AlgoTrainer,0.2311430303839211,1.7067669172932332,0.8742138364779874,0.6842105263157895,0.48148148148148145,0.3333333333333333,1.0,0.7272727272727273,0.5714285714285714
42,Algo1,0.3998773915018854,1.7518796992481203,0.8427672955974843,0.625,0.18518518518518517,0.0,0.0,0.7777777777777778,0.25
42,Algo2,0.3982331686532091,2.1353383458646618,0.8490566037735849,0.7142857142857143,0.18518518518518517,0.0,0.0,0.8888888888888888,0.2857142857142857
42,Algo3,0.254189855353823,1.9699248120300752,0.8930817610062893,0.7083333333333334,0.6296296296296297,0.3333333333333333,1.0,0.7407407407407407,0.7142857142857143
42,SessionTrainer,0.9427909556705103,3.308270676691729,0.8238993710691824,,0.0,,0.0,,0.0
42,SessionCatTrainer,0.0,0.0,0.8238993710691824,,0.0,,0.0,,0.0
43,LogTrainer,0.47909375543484856,2.6842105263157894,0.7924528301886793,0.2222222222222222,0.07407407407407407,0.0,0.0,0.36363636363636365,0.14285714285714285
43,SecondTrainerNoPat,0.2798662370018646,1.9022556390977443,0.8616352201257862,0.6923076923076923,0.3333333333333333,0.5,1.0,0.7333333333333333,0.39285714285714285
43,SecondTrainer,0.2566701348583939,1.7894736842105263,0.8616352201257862,0.6666666666666666,0.37037037037037035,0.0,0.0,0.75,0.42857142857142855
43,AlgoTrainerNoPat,0.2335220953135933,1.7142857142857142,0.8742138364779874,0.6842105263157895,0.48148148148148145,0.3333333333333333,1.0,0.7272727272727273,0.5714285714285714
43,AlgoTrainer,0.22912649091798892,1.7293233082706767,0.8742138364779874,0.6842105263157895,0.48148148148148145,0.3333333333333333,1.0,0.7272727272727273,0.5714285714285714
43,Algo1,0.3998773915018854,1.7518796992481203,0.8427672955974843,0.625,0.18518518518518517,0.0,0.0,0.7777777777777778,0.25
43,Algo2,0.3982331686532091,2.1353383458646618,0.8490566037735849,0.7142857142857143,0.18518518518518517,0.0,0.0,0.8888888888888888,0.2857142857142857
43,Algo3,0.254189855353823,1.9699248120300752,0.8930817610062893,0.7083333333333334,0.6296296296296297,0.3333333333333333,1.0,0.7407407407407407,0.7142857142857143
43,SessionTrainer,0.37117749827770063,2.255639097744361,0.8490566037735849,0.6153846153846154,0.2962962962962963,0.0,0.0,0.7333333333333333,0.39285714285714285
43,SessionCatTrainer,0.0,0.0,0.16981132075471697,0.16981132075471697,1.0,,0.0,0.1761006289308176,1.0
44,LogTrainer,0.41555735088123746,2.5864661654135337,0.7924528301886793,0.3333333333333333,0.18518518518518517,0.0,0.0,0.4117647058823529,0.25
44,SecondTrainerNoPat,0.24405758714969233,1.7067669172932332,0.8679245283018868,0.6666666666666666,0.4444444444444444,0.5,1.0,0.7,0.5
44,SecondTrainer,0.24899223583434102,1.7593984962406015,0.8616352201257862,0.6470588235294118,0.4074074074074074,0.5,1.0,0.6842105263157895,0.4642857142857143
44,AlgoTrainerNoPat,0.23621145217805137,1.8045112781954886,0.8616352201257862,0.631578947368421,0.4444444444444444,0.0,0.0,0.7,0.5
44,AlgoTrainer,0.22749459548548617,1.736842105263158,0.8679245283018868,0.6363636363636364,0.5185185185185185,0.3333333333333333,1.0,0.68,0.6071428571428571
44,Algo1,0.3998773915018854,1.7518796992481203,0.8427672955974843,0.625,0.18518518518518517,0.0,0.0,0.7777777777777778,0.25
44,Algo2,0.3982331686532091,2.1353383458646618,0.8490566037735849,0.7142857142857143,0.18518518518518517,0.0,0.0,0.8888888888888888,0.2857142857142857
44,Algo3,0.254189855353823,1.9699248120300752,0.8930817610062893,0.7083333333333334,0.6296296296296297,0.3333333333333333,1.0,0.7407407407407407,0.7142857142857143
44,SessionTrainer,0.3654956800958825,2.2481203007518795,0.8364779874213837,0.5333333333333333,0.2962962962962963,0.0,0.0,0.6470588235294118,0.39285714285714285
44,SessionCatTrainer,0.0,0.0,0.16981132075471697,0.16981132075471697,1.0,,0.0,0.1761006289308176,1.0
45,LogTrainer,0.45055735425168625,2.654135338345865,0.779874213836478,0.18181818181818182,0.07407407407407407,0.0,0.0,0.3076923076923077,0.14285714285714285
45,SecondTrainerNoPat,0.2374562094450758,1.6766917293233083,0.8805031446540881,0.75,0.4444444444444444,0.5,1.0,0.7777777777777778,0.5
45,SecondTrainer,0.28937813198946805,2.0526315789473686,0.8553459119496856,0.625,0.37037037037037035,0.0,0.0,0.7058823529411765,0.42857142857142855
45,AlgoTrainerNoPat,0.23360931410020486,1.6917293233082706,0.8742138364779874,0.6842105263157895,0.48148148148148145,0.3333333333333333,1.0,0.7272727272727273,0.5714285714285714
45,AlgoTrainer,0.23830858749887088,1.7593984962406015,0.8553459119496856,0.5909090909090909,0.48148148148148145,0.0,0.0,0.6666666666666666,0.5714285714285714
45,Algo1,0.3998773915018854,1.7518796992481203,0.8427672955974843,0.625,0.18518518518518517,0.0,0.0,0.7777777777777778,0.25
45,Algo2,0.3982331686532091,2.1353383458646618,0.8490566037735849,0.7142857142857143,0.18518518518518517,0.0,0.0,0.8888888888888888,0.2857142857142857
45,Algo3,0.254189855353823,1.9699248120300752,0.8930817610062893,0.7083333333333334,0.6296296296296297,0.3333333333333333,1.0,0.7407407407407407,0.7142857142857143
45,SessionTrainer,0.3919903729873365,2.255639097744361,0.8490566037735849,0.6153846153846154,0.2962962962962963,0.0,0.0,0.7333333333333333,0.39285714285714285
45,SessionCatTrainer,0.0,0.0,0.4591194968553459,0.22935779816513763,0.9259259259259259,,0.0,0.23853211009174313,0.9285714285714286
46,LogTrainer,0.43512659742416826,2.6165413533834587,0.779874213836478,0.23076923076923078,0.1111111111111111,0.0,0.0,0.3333333333333333,0.17857142857142858
46,SecondTrainerNoPat,0.2678977230596664,1.887218045112782,0.8616352201257862,0.6666666666666666,0.37037037037037035,0.0,0.0,0.75,0.42857142857142855
46,SecondTrainer,0.25670551614377524,1.8120300751879699,0.8679245283018868,0.7142857142857143,0.37037037037037035,0.5,1.0,0.75,0.42857142857142855
46,AlgoTrainerNoPat,0.23491557363014853,1.7067669172932332,0.8742138364779874,0.6842105263157895,0.48148148148148145,0.3333333333333333,1.0,0.7272727272727273,0.5714285714285714
46,AlgoTrainer,0.2373054239957074,1.7293233082706767,0.8679245283018868,0.65,0.48148148148148145,0.0,0.0,0.7272727272727273,0.5714285714285714
46,Algo1,0.3998773915018854,1.7518796992481203,0.8427672955974843,0.625,0.18518518518518517,0.0,0.0,0.7777777777777778,0.25
46,Algo2,0.3982331686532091,2.1353383458646618,0.8490566037735849,0.7142857142857143,0.18518518518518517,0.0,0.0,0.8888888888888888,0.2857142857142857
46,Algo3,0.254189855353823,1.9699248120300752,0.8930817610062893,0.7083333333333334,0.6296296296296297,0.3333333333333333,1.0,0.7407407407407407,0.7142857142857143
46,SessionTrainer,1.0,3.5037593984962405,0.8238993710691824,,0.0,,0.0,,0.0
46,SessionCatTrainer,0.0,0.0,0.16981132075471697,0.16981132075471697,1.0,,0.0,0.1761006289308176,1.0
47,LogTrainer,0.41322634855023516,2.526315789473684,0.7924528301886793,0.3333333333333333,0.18518518518518517,0.0,0.0,0.4117647058823529,0.25
47,SecondTrainerNoPat,0.27620684814510726,1.9248120300751879,0.8616352201257862,0.6666666666666666,0.37037037037037035,0.5,1.0,0.7058823529411765,0.42857142857142855
47,SecondTrainer,0.258866049604916,1.781954887218045,0.8679245283018868,0.7142857142857143,0.37037037037037035,0.5,1.0,0.75,0.42857142857142855
47,AlgoTrainerNoPat,0.23115759914848982,1.699248120300752,0.8616352201257862,0.6470588235294118,0.4074074074074074,0.3333333333333333,1.0,0.7,0.5
47,AlgoTrainer,0.23546995346084415,1.7142857142857142,0.8616352201257862,0.631578947368421,0.4444444444444444,0.0,0.0,0.7,0.5
47,Algo1,0.3998773915018854,1.7518796992481203,0.8427672955974843,0.625,0.18518518518518517,0.0,0.0,0.7777777777777778,0.25
47,Algo2,0.3982331686532091,2.1353383458646618,0.8490566037735849,0.7142857142857143,0.18518518518518517,0.0,0.0,0.8888888888888888,0.2857142857142857
47,Algo3,0.254189855353823,1.9699248120300752,0.8930817610062893,0.7083333333333334,0.6296296296296297,0.3333333333333333,1.0,0.7407407407407407,0.7142857142857143
47,SessionTrainer,0.38129689979386333,2.293233082706767,0.8427672955974843,0.5714285714285714,0.2962962962962963,0.0,0.0,0.6875,0.39285714285714285
47,SessionCatTrainer,0.0,0.0,0.660377358490566,0.30985915492957744,0.8148148148148148,,0.0,0.323943661971831,0.8214285714285714
48,LogTrainer,0.38310305861456523,2.933333333333333,0.7976190476190477,0.47368421052631576,0.6,0.6666666666666666,0.5,0.72,0.782608695652174
48,SecondTrainerNoPat,0.22048426560972692,1.9333333333333333,0.8214285714285714,0.5238095238095238,0.7333333333333333,0.8,0.5,0.7307692307692307,0.8260869565217391
48,SecondTrainer,0.23239973919565574,1.8666666666666667,0.8333333333333334,0.5454545454545454,0.8,0.8,0.5,0.7407407407407407,0.8695652173913043
48,AlgoTrainerNoPat,0.34457639346303215,2.316666666666667,0.7738095238095238,0.4782608695652174,0.7333333333333333,0.6,0.375,0.6428571428571429,0.782608695652174
48,AlgoTrainer,0.27924500130963503,2.1666666666666665,0.7857142857142857,0.5,0.7333333333333333,0.6666666666666666,0.5,0.6428571428571429,0.782608695652174
48,Algo1,0.5138422581964025,2.6166666666666667,0.75,0.42105263157894735,0.5333333333333333,0.4,0.25,0.6666666666666666,0.6956521739130435
48,Algo2,0.5869942728211449,3.183333333333333,0.6428571428571429,0.15384615384615385,0.13333333333333333,0.2,0.125,0.4444444444444444,0.34782608695652173
48,Algo3,0.3562829318551983,2.716666666666667,0.7976190476190477,0.5,0.6,0.6666666666666666,0.5,0.7083333333333334,0.7391304347826086
48,SessionTrainer,0.40575250837290944,3.5,0.6904761904761905,0.32,0.5333333333333333,0.25,0.125,0.5862068965517241,0.7391304347826086
48,SessionCatTrainer,0.0,0.0,0.19047619047619047,0.18072289156626506,1.0,,0.0,0.27710843373493976,1.0
49,LogTrainer,0.35729874084273755,3.05,0.8095238095238095,0.5,0.6,0.8,0.5,0.7391304347826086,0.7391304347826086
49,SecondTrainerNoPat,0.2072706061495395,1.85,0.8571428571428571,0.6111111111111112,0.7333333333333333,0.8333333333333334,0.625,0.7916666666666666,0.8260869565217391
49,SecondTrainer,0.2394494700531992,1.9,0.8452380952380952,0.5789473684210527,0.7333333333333333,0.8,0.5,0.7916666666666666,0.8260869565217391
49,AlgoTrainerNoPat,0.35611294777952557,2.2,0.7738095238095238,0.4782608695652174,0.7333333333333333,0.6,0.375,0.6428571428571429,0.782608695652174
49,AlgoTrainer,0.2629306271180712,2.25,0.7857142857142857,0.4782608695652174,0.7333333333333333,0.6666666666666666,0.5,0.6551724137931034,0.8260869565217391
49,Algo1,0.5138422581964025,2.6166666666666667,0.75,0.42105263157894735,0.5333333333333333,0.4,0.25,0.6666666666666666,0.6956521739130435
49,Algo2,0.5869942728211449,3.183333333333333,0.6428571428571429,0.15384615384615385,0.13333333333333333,0.2,0.125,0.4444444444444444,0.34782608695652173
49,Algo3,0.3562829318551983,2.716666666666667,0.7976190476190477,0.5,0.6,0.6666666666666666,0.5,0.7083333333333334,0.7391304347826086
49,SessionTrainer,0.4102788227755898,3.5166666666666666,0.6666666666666666,0.2608695652173913,0.4,0.25,0.125,0.5555555555555556,0.6521739130434783
49,SessionCatTrainer,0.0,0.0,0.25,0.17647058823529413,0.8,0.2222222222222222,0.25,0.2987012987012987,1.0
50,LogTrainer,0.4583157824864032,4.2,0.6666666666666666,0.2857142857142857,0.4,0.3333333333333333,0.25,0.5185185185185185,0.6086956521739131
50,SecondTrainerNoPat,0.21384548364372916,2.1,0.8214285714285714,0.5238095238095238,0.7333333333333333,0.8,0.5,0.7307692307692307,0.8260869565217391
50,SecondTrainer,0.3448120829416363,3.4,0.6666666666666666,0.23809523809523808,0.3333333333333333,0.42857142857142855,0.375,0.5357142857142857,0.6521739130434783
50,AlgoTrainerNoPat,0.2326726317926425,2.1,0.7738095238095238,0.43478260869565216,0.6666666666666666,0.6,0.375,0.6785714285714286,0.8260869565217391
50,AlgoTrainer,0.17921306479454457,2.0166666666666666,0.8214285714285714,0.5263157894736842,0.6666666666666666,0.7142857142857143,0.625,0.7307692307692307,0.8260869565217391
50,Algo1,0.5138422581964025,2.6166666666666667,0.75,0.42105263157894735,0.5333333333333333,0.4,0.25,0.6666666666666666,0.6956521739130435
50,Algo2,0.5869942728211449,3.183333333333333,0.6428571428571429,0.15384615384615385,0.13333333333333333,0.2,0.125,0.4444444444444444,0.34782608695652173
50,Algo3,0.3562829318551983,2.716666666666667,0.7976190476190477,0.5,0.6,0.6666666666666666,0.5,0.7083333333333334,0.7391304347826086
50,SessionTrainer,0.8090122165993069,2.75,0.7142857142857143,0.0,0.0,,0.0,0.0,0.0
50,SessionCatTrainer,0.0,0.0,0.2261904761904762,0.19230769230769232,1.0,0.3333333333333333,0.125,0.2839506172839506,1.0
51,LogTrainer,0.3397762509572446,3.2333333333333334,0.7857142857142857,0.4444444444444444,0.5333333333333333,0.8,0.5,0.6956521739130435,0.6956521739130435
51,SecondTrainerNoPat,0.21350990423255115,1.9333333333333333,0.8333333333333334,0.5217391304347826,0.8,0.8,0.5,0.75,0.9130434782608695
51,SecondTrainer,0.22293177535550276,1.95,0.8214285714285714,0.5238095238095238,0.7333333333333333,0.75,0.375,0.76,0.8260869565217391
51,AlgoTrainerNoPat,0.24303910346474297,2.033333333333333,0.7738095238095238,0.45454545454545453,0.6666666666666666,0.6,0.375,0.6666666666666666,0.782608695652174
51,AlgoTrainer,0.22682907344251999,2.1,0.7976190476190477,0.47619047619047616,0.6666666666666666,0.6,0.375,0.7307692307692307,0.8260869565217391
51,Algo1,0.5138422581964025,2.6166666666666667,0.75,0.42105263157894735,0.5333333333333333,0.4,0.25,0.6666666666666666,0.6956521739130435
51,Algo2,0.5869942728211449,3.183333333333333,0.6428571428571429,0.15384615384615385,0.13333333333333333,0.2,0.125,0.4444444444444444,0.34782608695652173
51,Algo3,0.3562829318551983,2.716666666666667,0.7976190476190477,0.5,0.6,0.6666666666666666,0.5,0.7083333333333334,0.7391304347826086
51,SessionTrainer,0.35957507462547705,3.7666666666666666,0.6547619047619048,0.3,0.6,0.375,0.375,0.5263157894736842,0.8695652173913043
51,SessionCatTrainer,0.0,0.0,0.6547619047619048,0.3,0.4,0.3333333333333333,0.125,0.43478260869565216,0.43478260869565216
52,LogTrainer,0.36042731254612503,3.1666666666666665,0.7976190476190477,0.47368421052631576,0.6,0.8,0.5,0.7083333333333334,0.7391304347826086
52,SecondTrainerNoPat,0.1998360021352882,1.9333333333333333,0.8214285714285714,0.5,0.7333333333333333,0.8,0.5,0.7407407407407407,0.8695652173913043
52,SecondTrainer,0.21394531308200224,1.95,0.8095238095238095,0.5,0.7333333333333333,0.8,0.5,0.7037037037037037,0.8260869565217391
52,AlgoTrainerNoPat,0.2398428275749321,2.1333333333333333,0.7738095238095238,0.45454545454545453,0.6666666666666666,0.6,0.375,0.6666666666666666,0.782608695652174
52,AlgoTrainer,0.23353396103000038,2.0833333333333335,0.7857142857142857,0.47619047619047616,0.6666666666666666,0.6,0.375,0.6923076923076923,0.782608695652174
52,Algo1,0.5138422581964025,2.6166666666666667,0.75,0.42105263157894735,0.5333333333333333,0.4,0.25,0.6666666666666666,0.6956521739130435
52,Algo2,0.5869942728211449,3.183333333333333,0.6428571428571429,0.15384615384615385,0.13333333333333333,0.2,0.125,0.4444444444444444,0.34782608695652173
52,Algo3,0.3562829318551983,2.716666666666667,0.7976190476190477,0.5,0.6,0.6666666666666666,0.5,0.7083333333333334,0.7391304347826086
52,SessionTrainer,0.38747475220236954,3.3,0.6904761904761905,0.2857142857142857,0.4,0.25,0.125,0.6,0.6521739130434783
52,SessionCatTrainer,0.0,0.0,0.7023809523809523,,0.0,0.25,0.125,0.25,0.043478260869565216
53,LogTrainer,0.3328743903702425,3.25,0.7857142857142857,0.4444444444444444,0.5333333333333333,0.8,0.5,0.6956521739130435,0.6956521739130435
53,SecondTrainerNoPat,0.20213503254467388,1.8833333333333333,0.8452380952380952,0.55,0.7333333333333333,0.8333333333333334,0.625,0.7692307692307693,0.8695652173913043
53,SecondTrainer,0.19811254944417442,1.8833333333333333,0.8333333333333334,0.5238095238095238,0.7333333333333333,0.8333333333333334,0.625,0.7407407407407407,0.8695652173913043
53,AlgoTrainerNoPat,0.4000639718129524,2.4,0.7857142857142857,0.5238095238095238,0.7333333333333333,0.5714285714285714,0.5,0.6428571428571429,0.782608695652174
53,AlgoTrainer,0.39211842795435364,2.45,0.7619047619047619,0.47619047619047616,0.6666666666666666,0.5714285714285714,0.5,0.6071428571428571,0.7391304347826086
53,Algo1,0.5138422581964025,2.6166666666666667,0.75,0.42105263157894735,0.5333333333333333,0.4,0.25,0.6666666666666666,0.6956521739130435
53,Algo2,0.5869942728211449,3.183333333333333,0.6428571428571429,0.15384615384615385,0.13333333333333333,0.2,0.125,0.4444444444444444,0.34782608695652173
53,Algo3,0.3562829318551983,2.716666666666667,0.7976190476190477,0.5,0.6,0.6666666666666666,0.5,0.7083333333333334,0.7391304347826086
53,SessionTrainer,0.4385599254212707,2.9,0.6666666666666666,0.25,0.26666666666666666,0.25,0.125,0.5,0.43478260869565216
53,SessionCatTrainer,0.0,0.0,0.4523809523809524,0.23728813559322035,0.9333333333333333,,0.0,0.3728813559322034,0.9565217391304348
54,LogTrainer,0.33305639280121624,3.183333333333333,0.7857142857142857,0.4444444444444444,0.5333333333333333,0.8,0.5,0.6956521739130435,0.6956521739130435
54,SecondTrainerNoPat,0.25310045670285014,1.9666666666666666,0.8214285714285714,0.5238095238095238,0.7333333333333333,0.8,0.5,0.7307692307692307,0.8260869565217391
54,SecondTrainer,0.2439989810073361,2.15,0.8095238095238095,0.5238095238095238,0.7333333333333333,0.8,0.5,0.6923076923076923,0.782608695652174
54,AlgoTrainerNoPat,0.3025043442787273,2.2,0.7976190476190477,0.5,0.7333333333333333,0.8,0.5,0.6666666666666666,0.782608695652174
54,AlgoTrainer,0.2248977123459439,2.4,0.7738095238095238,0.47058823529411764,0.5333333333333333,0.625,0.625,0.64,0.6956521739130435
54,Algo1,0.5138422581964025,2.6166666666666667,0.75,0.42105263157894735,0.5333333333333333,0.4,0.25,0.6666666666666666,0.6956521739130435
54,Algo2,0.5869942728211449,3.183333333333333,0.6428571428571429,0.15384615384615385,0.13333333333333333,0.2,0.125,0.4444444444444444,0.34782608695652173
54,Algo3,0.3562829318551983,2.716666666666667,0.7976190476190477,0.5,0.6,0.6666666666666666,0.5,0.7083333333333334,0.7391304347826086
54,SessionTrainer,0.38999123149986986,2.9833333333333334,0.6785714285714286,0.30434782608695654,0.4666666666666667,0.25,0.125,0.5555555555555556,0.6521739130434783
54,SessionCatTrainer,0.0,0.0,0.6547619047619048,0.3181818181818182,0.4666666666666667,,0.0,0.4090909090909091,0.391304347826087
55,LogTrainer,0.3616741638585507,3.45,0.7857142857142857,0.47058823529411764,0.5333333333333333,0.8,0.5,0.6818181818181818,0.6521739130434783
55,SecondTrainerNoPat,0.2476818149881176,2.0,0.8333333333333334,0.5555555555555556,0.6666666666666666,0.8,0.5,0.782608695652174,0.782608695652174
55,SecondTrainer,0.2129648913285127,1.8666666666666667,0.8214285714285714,0.5238095238095238,0.7333333333333333,0.8,0.5,0.7307692307692307,0.8260869565217391
55,AlgoTrainerNoPat,0.26208095935160075,2.2333333333333334,0.7738095238095238,0.44,0.7333333333333333,0.75,0.375,0.6551724137931034,0.8260869565217391
55,AlgoTrainer,0.1942557163397057,2.1166666666666667,0.7857142857142857,0.46153846153846156,0.8,0.75,0.375,0.6666666666666666,0.8695652173913043
55,Algo1,0.5138422581964025,2.6166666666666667,0.75,0.42105263157894735,0.5333333333333333,0.4,0.25,0.6666666666666666,0.6956521739130435
55,Algo2,0.5869942728211449,3.183333333333333,0.6428571428571429,0.15384615384615385,0.13333333333333333,0.2,0.125,0.4444444444444444,0.34782608695652173
55,Algo3,0.3562829318551983,2.716666666666667,0.7976190476190477,0.5,0.6,0.6666666666666666,0.5,0.7083333333333334,0.7391304347826086
55,SessionTrainer,0.43131433443268336,3.283333333333333,0.6785714285714286,0.2631578947368421,0.3333333333333333,0.25,0.125,0.5652173913043478,0.5652173913043478
55,SessionCatTrainer,0.0,0.0,0.7261904761904762,,0.0,0.5,0.25,0.5,0.08695652173913043
56,LogTrainer,0.4854282214896025,3.7027027027027026,0.8076923076923077,0.3333333333333333,0.14285714285714285,0.5714285714285714,0.8,0.7,0.5833333333333334
56,SecondTrainerNoPat,0.23206174987372624,0.8648648648648649,0.9230769230769231,0.8,0.5714285714285714,1.0,1.0,0.9,0.75
56,SecondTrainer,0.20727151301628766,0.8108108108108109,0.9230769230769231,0.8,0.5714285714285714,1.0,1.0,0.9,0.75
56,AlgoTrainerNoPat,0.3413046861093426,1.5405405405405406,0.8846153846153846,0.6,0.42857142857142855,0.8333333333333334,1.0,0.8181818181818182,0.75
56,AlgoTrainer,0.27368370775990497,1.0810810810810811,0.9038461538461539,0.75,0.42857142857142855,0.8333333333333334,1.0,0.9,0.75
56,Algo1,0.4393685176699551,2.5135135135135136,0.8461538461538461,0.6666666666666666,0.2857142857142857,0.5714285714285714,0.8,0.8,0.6666666666666666
56,Algo2,0.535808946159947,2.810810810810811,0.8076923076923077,0.0,0.0,0.6666666666666666,0.8,0.75,0.5
56,Algo3,0.3781005829184681,1.027027027027027,0.8653846153846154,0.5714285714285714,0.5714285714285714,0.75,0.6,0.8181818181818182,0.75
56,SessionTrainer,1.0,0.8648648648648649,0.7692307692307693,,0.0,,0.0,,0.0
56,SessionCatTrainer,0.0,0.0,0.7692307692307693,,0.0,,0.0,,0.0
57,LogTrainer,0.40601890539715746,2.6216216216216215,0.8461538461538461,0.5,0.42857142857142855,0.8,0.8,0.7272727272727273,0.6666666666666666
57,SecondTrainerNoPat,0.26050268023810663,0.7297297297297297,0.9230769230769231,0.8,0.5714285714285714,1.0,1.0,0.9,0.75
57,SecondTrainer,0.1904362615986216,0.7027027027027027,0.9423076923076923,0.8333333333333334,0.7142857142857143,1.0,1.0,0.9090909090909091,0.8333333333333334
57,AlgoTrainerNoPat,0.2936572805511865,1.2972972972972974,0.9038461538461539,0.75,0.42857142857142855,0.8333333333333334,1.0,0.9,0.75
57,AlgoTrainer,0.2666102635870693,1.054054054054054,0.9038461538461539,0.75,0.42857142857142855,0.8333333333333334,1.0,0.9,0.75
57,Algo1,0.4393685176699551,2.5135135135135136,0.8461538461538461,0.6666666666666666,0.2857142857142857,0.5714285714285714,0.8,0.8,0.6666666666666666
57,Algo2,0.535808946159947,2.810810810810811,0.8076923076923077,0.0,0.0,0.6666666666666666,0.8,0.75,0.5
57,Algo3,0.3781005829184681,1.027027027027027,0.8653846153846154,0.5714285714285714,0.5714285714285714,0.75,0.6,0.8181818181818182,0.75
57,SessionTrainer,0.3585375941765394,8.675675675675675,0.6153846153846154,0.23809523809523808,0.7142857142857143,0.5,0.4,0.4,0.8333333333333334
57,SessionCatTrainer,0.0,0.0,0.1346153846153846,0.1346153846153846,1.0,,0.0,0.23076923076923078,1.0
58,LogTrainer,0.5700634012716208,4.405405405405405,0.7692307692307693,0.25,0.14285714285714285,0.5714285714285714,0.8,0.5454545454545454,0.5
58,SecondTrainerNoPat,0.23582780802112316,0.7567567567567568,0.9230769230769231,0.8,0.5714285714285714,1.0,1.0,0.9,0.75
58,SecondTrainer,0.21294576739236765,0.7297297297297297,0.9230769230769231,0.8,0.5714285714285714,1.0,1.0,0.9,0.75
58,AlgoTrainerNoPat,0.25413055572858023,1.054054054054054,0.9038461538461539,0.75,0.42857142857142855,0.8333333333333334,1.0,0.9,0.75
58,AlgoTrainer,0.2576475517440329,0.7297297297297297,0.9038461538461539,0.6666666666666666,0.5714285714285714,1.0,1.0,0.8181818181818182,0.75
58,Algo1,0.4393685176699551,2.5135135135135136,0.8461538461538461,0.6666666666666666,0.2857142857142857,0.5714285714285714,0.8,0.8,0.6666666666666666
58,Algo2,0.535808946159947,2.810810810810811,0.8076923076923077,0.0,0.0,0.6666666666666666,0.8,0.75,0.5
58,Algo3,0.3781005829184681,1.027027027027027,0.8653846153846154,0.5714285714285714,0.5714285714285714,0.75,0.6,0.8181818181818182,0.75
58,SessionTrainer,1.0,0.8648648648648649,0.7692307692307693,,0.0,,0.0,,0.0
58,SessionCatTrainer,0.0,0.0,0.1346153846153846,0.1346153846153846,1.0,,0.0,0.23076923076923078,1.0
59,LogTrainer,0.3643005728727573,2.054054054054054,0.8461538461538461,0.5,0.5714285714285714,0.8,0.8,0.6923076923076923,0.75
59,SecondTrainerNoPat,0.2282221839854788,0.8378378378378378,0.9230769230769231,0.8,0.5714285714285714,1.0,1.0,0.9,0.75
59,SecondTrainer,0.25056137135509216,0.8108108108108109,0.9423076923076923,0.8333333333333334,0.7142857142857143,1.0,1.0,0.9090909090909091,0.8333333333333334
59,AlgoTrainerNoPat,0.28840673588887716,1.3243243243243243,0.8846153846153846,0.6,0.42857142857142855,0.8333333333333334,1.0,0.8181818181818182,0.75
59,AlgoTrainer,0.2871808154152276,1.1891891891891893,0.9038461538461539,0.75,0.42857142857142855,0.8333333333333334,1.0,0.9,0.75
59,Algo1,0.4393685176699551,2.5135135135135136,0.8461538461538461,0.6666666666666666,0.2857142857142857,0.5714285714285714,0.8,0.8,0.6666666666666666
59,Algo2,0.535808946159947,2.810810810810811,0.8076923076923077,0.0,0.0,0.6666666666666666,0.8,0.75,0.5
59,Algo3,0.3781005829184681,1.027027027027027,0.8653846153846154,0.5714285714285714,0.5714285714285714,0.75,0.6,0.8181818181818182,0.75
59,SessionTrainer,0.36285547043197636,5.72972972972973,0.7115384615384616,0.23076923076923078,0.42857142857142855,1.0,0.4,0.4666666666666667,0.5833333333333334
59,SessionCatTrainer,0.0,0.0,0.1346153846153846,0.10416666666666667,0.7142857142857143,0.5,0.4,0.23076923076923078,1.0
60,LogTrainer,0.45880855495283573,3.3513513513513513,0.8269230769230769,0.5,0.2857142857142857,0.6666666666666666,0.8,0.7,0.5833333333333334
60,SecondTrainerNoPat,0.2106627912333883,0.7567567567567568,0.9230769230769231,0.8,0.5714285714285714,1.0,1.0,0.9,0.75
60,SecondTrainer,0.23842801986730022,0.7297297297297297,0.9230769230769231,0.8,0.5714285714285714,1.0,0.8,1.0,0.75
60,AlgoTrainerNoPat,0.26904744368982836,1.1891891891891893,0.9038461538461539,0.75,0.42857142857142855,0.8333333333333334,1.0,0.9,0.75
60,AlgoTrainer,0.26010284610425716,1.027027027027027,0.8846153846153846,0.6,0.42857142857142855,0.8333333333333334,1.0,0.8181818181818182,0.75
60,Algo1,0.4393685176699551,2.5135135135135136,0.8461538461538461,0.6666666666666666,0.2857142857142857,0.5714285714285714,0.8,0.8,0.6666666666666666
60,Algo2,0.535808946159947,2.810810810810811,0.8076923076923077,0.0,0.0,0.6666666666666666,0.8,0.75,0.5
60,Algo3,0.3781005829184681,1.027027027027027,0.8653846153846154,0.5714285714285714,0.5714285714285714,0.75,0.6,0.8181818181818182,0.75
60,SessionTrainer,1.0,0.8648648648648649,0.7692307692307693,,0.0,,0.0,,0.0
60,SessionCatTrainer,0.0,0.0,0.7884615384615384,0.5,0.14285714285714285,0.0,0.0,1.0,0.25
61,LogTrainer,0.3882696754369741,2.3783783783783785,0.8461538461538461,0.5,0.42857142857142855,0.8,0.8,0.7272727272727273,0.6666666666666666
61,SecondTrainerNoPat,0.23677223776703452,0.7837837837837838,0.9230769230769231,0.8,0.5714285714285714,1.0,1.0,0.9,0.75
61,SecondTrainer,0.22175673898048004,0.9459459459459459,0.9230769230769231,0.8,0.5714285714285714,1.0,1.0,0.9,0.75
61,AlgoTrainerNoPat,0.2933193298684083,1.2432432432432432,0.9038461538461539,0.75,0.42857142857142855,0.8333333333333334,1.0,0.9,0.75
61,AlgoTrainer,0.2520976682004991,0.9459459459459459,0.9230769230769231,0.8,0.5714285714285714,1.0,1.0,0.9,0.75
61,Algo1,0.4393685176699551,2.5135135135135136,0.8461538461538461,0.6666666666666666,0.2857142857142857,0.5714285714285714,0.8,0.8,0.6666666666666666
61,Algo2,0.535808946159947,2.810810810810811,0.8076923076923077,0.0,0.0,0.6666666666666666,0.8,0.75,0.5
61,Algo3,0.3781005829184681,1.027027027027027,0.8653846153846154,0.5714285714285714,0.5714285714285714,0.75,0.6,0.8181818181818182,0.75
61,SessionTrainer,0.35221644970741006,7.783783783783784,0.6153846153846154,0.2,0.5714285714285714,0.6666666666666666,0.4,0.391304347826087,0.75
61,SessionCatTrainer,0.0,0.0,0.1346153846153846,0.1346153846153846,1.0,,0.0,0.23076923076923078,1.0
62,LogTrainer,0.37514895712708574,2.054054054054054,0.8461538461538461,0.5,0.42857142857142855,0.8,0.8,0.7272727272727273,0.6666666666666666
62,SecondTrainerNoPat,0.203957076720107,0.7567567567567568,0.9423076923076923,0.8333333333333334,0.7142857142857143,1.0,1.0,0.9090909090909091,0.8333333333333334
62,SecondTrainer,0.19266985068643067,0.7567567567567568,0.9230769230769231,0.8,0.5714285714285714,1.0,1.0,0.9,0.75
62,AlgoTrainerNoPat,0.3054416523170381,1.2702702702702702,0.9038461538461539,0.75,0.42857142857142855,0.8333333333333334,1.0,0.9,0.75
62,AlgoTrainer,0.28875822681008323,1.2972972972972974,0.8846153846153846,0.6,0.42857142857142855,0.8333333333333334,1.0,0.8181818181818182,0.75
62,Algo1,0.4393685176699551,2.5135135135135136,0.8461538461538461,0.6666666666666666,0.2857142857142857,0.5714285714285714,0.8,0.8,0.6666666666666666
62,Algo2,0.535808946159947,2.810810810810811,0.8076923076923077,0.0,0.0,0.6666666666666666,0.8,0.75,0.5
62,Algo3,0.3781005829184681,1.027027027027027,0.8653846153846154,0.5714285714285714,0.5714285714285714,0.75,0.6,0.8181818181818182,0.75
62,SessionTrainer,1.0,0.8648648648648649,0.7692307692307693,,0.0,,0.0,,0.0
62,SessionCatTrainer,0.0,0.0,0.15384615384615385,0.11363636363636363,0.7142857142857143,,0.0,0.1590909090909091,0.5833333333333334
63,LogTrainer,0.36500987634068144,2.081081081081081,0.8461538461538461,0.5,0.5714285714285714,0.8,0.8,0.6923076923076923,0.75
63,SecondTrainerNoPat,0.24538628167519605,0.8648648648648649,0.9230769230769231,0.8,0.5714285714285714,1.0,1.0,0.9,0.75
63,SecondTrainer,0.23680143885276614,0.918918918918919,0.9230769230769231,0.8,0.5714285714285714,1.0,1.0,0.9,0.75
63,AlgoTrainerNoPat,0.2925349005647092,1.2432432432432432,0.9038461538461539,0.75,0.42857142857142855,0.8333333333333334,1.0,0.9,0.75
63,AlgoTrainer,0.2513056459109903,1.027027027027027,0.9230769230769231,0.8,0.5714285714285714,1.0,1.0,0.9,0.75
63,Algo1,0.4393685176699551,2.5135135135135136,0.8461538461538461,0.6666666666666666,0.2857142857142857,0.5714285714285714,0.8,0.8,0.6666666666666666
63,Algo2,0.535808946159947,2.810810810810811,0.8076923076923077,0.0,0.0,0.6666666666666666,0.8,0.75,0.5
63,Algo3,0.3781005829184681,1.027027027027027,0.8653846153846154,0.5714285714285714,0.5714285714285714,0.75,0.6,0.8181818181818182,0.75
63,SessionTrainer,1.0,0.8648648648648649,0.7692307692307693,,0.0,,0.0,,0.0
63,SessionCatTrainer,0.0,0.0,0.1346153846153846,0.1346153846153846,1.0,,0.0,0.23076923076923078,1.0
64,LogTrainer,0.38930459705366294,1.631578947368421,0.9819819819819819,0.4,0.6666666666666666,1.0,0.8,0.7777777777777778,0.875
64,SecondTrainerNoPat,0.2495808055703684,1.1770334928229664,0.990990990990991,0.6666666666666666,0.6666666666666666,1.0,0.8,1.0,0.875
64,SecondTrainer,0.4408794050689458,1.5263157894736843,0.9504504504504504,0.0,0.0,1.0,0.4,0.5,0.625
64,AlgoTrainerNoPat,0.30947424562131237,1.3397129186602872,0.9819819819819819,0.4,0.6666666666666666,1.0,0.8,0.7777777777777778,0.875
64,AlgoTrainer,0.2937939234524285,1.2727272727272727,0.9864864864864865,0.5,0.3333333333333333,1.0,0.8,1.0,0.75
64,Algo1,0.6498493715175886,1.507177033492823,0.9414414414414415,0.0,0.0,,0.0,0.2857142857142857,0.25
64,Algo2,0.5831164381679147,1.9043062200956937,0.9279279279279279,0.0,0.0,0.3333333333333333,0.2,0.3076923076923077,0.5
64,Algo3,0.5195136263088397,1.7033492822966507,0.9369369369369369,0.0,0.0,0.0,0.0,0.14285714285714285,0.125
64,SessionTrainer,1.0,2.2679425837320575,0.963963963963964,,0.0,,0.0,,0.0
64,SessionCatTrainer,0.0,0.0,0.3783783783783784,0.02127659574468085,1.0,,0.0,0.05673758865248227,1.0
65,LogTrainer,0.36439156593901423,1.5980861244019138,0.9819819819819819,0.4,0.6666666666666666,1.0,0.8,0.7777777777777778,0.875
65,SecondTrainerNoPat,0.23045973634208924,1.062200956937799,0.990990990990991,1.0,0.3333333333333333,1.0,1.0,1.0,0.75
65,SecondTrainer,0.20473409899521813,1.138755980861244,0.990990990990991,0.6666666666666666,0.6666666666666666,1.0,1.0,0.875,0.875
65,AlgoTrainerNoPat,0.2840140939672685,1.3157894736842106,0.9774774774774775,0.25,0.3333333333333333,1.0,0.8,0.75,0.75
65,AlgoTrainer,0.26701826429150755,1.2535885167464116,0.990990990990991,0.6666666666666666,0.6666666666666666,1.0,0.8,1.0,0.875
65,Algo1,0.6498493715175886,1.507177033492823,0.9414414414414415,0.0,0.0,,0.0,0.2857142857142857,0.25
65,Algo2,0.5831164381679147,1.9043062200956937,0.9279279279279279,0.0,0.0,0.3333333333333333,0.2,0.3076923076923077,0.5
65,Algo3,0.5195136263088397,1.7033492822966507,0.9369369369369369,0.0,0.0,0.0,0.0,0.14285714285714285,0.125
65,SessionTrainer,1.0,2.2679425837320575,0.963963963963964,,0.0,,0.0,,0.0
65,SessionCatTrainer,0.0,0.0,0.013513513513513514,0.013513513513513514,1.0,,0.0,0.036036036036036036,1.0
66,LogTrainer,0.6194685966857124,2.0526315789473686,0.9369369369369369,0.0,0.0,1.0,0.2,0.36363636363636365,0.5
66,SecondTrainerNoPat,0.2605764522054115,1.186602870813397,0.9864864864864865,0.5,0.3333333333333333,1.0,1.0,0.8571428571428571,0.75
66,SecondTrainer,0.23662332590706942,1.186602870813397,0.990990990990991,0.6666666666666666,0.6666666666666666,1.0,1.0,0.875,0.875
66,AlgoTrainerNoPat,0.30721237785973626,1.2966507177033493,0.9819819819819819,0.3333333333333333,0.3333333333333333,1.0,0.8,0.8571428571428571,0.75
66,AlgoTrainer,0.2526752762795773,1.2105263157894737,0.990990990990991,0.6666666666666666,0.6666666666666666,1.0,1.0,0.875,0.875
66,Algo1,0.6498493715175886,1.507177033492823,0.9414414414414415,0.0,0.0,,0.0,0.2857142857142857,0.25
66,Algo2,0.5831164381679147,1.9043062200956937,0.9279279279279279,0.0,0.0,0.3333333333333333,0.2,0.3076923076923077,0.5
66,Algo3,0.5195136263088397,1.7033492822966507,0.9369369369369369,0.0,0.0,0.0,0.0,0.14285714285714285,0.125
66,SessionTrainer,1.0,2.2679425837320575,0.963963963963964,,0.0,,0.0,,0.0
66,SessionCatTrainer,0.0,0.0,0.013513513513513514,0.013513513513513514,1.0,,0.0,0.036036036036036036,1.0
67,LogTrainer,0.40189140666303386,1.6985645933014355,0.9864864864864865,0.5,0.6666666666666666,1.0,0.8,0.875,0.875
67,SecondTrainerNoPat,0.3020256725737042,1.3014354066985645,0.990990990990991,0.6666666666666666,0.6666666666666666,1.0,0.8,1.0,0.875
67,SecondTrainer,0.23946258963838232,1.167464114832536,0.990990990990991,0.6666666666666666,0.6666666666666666,1.0,0.8,1.0,0.875
67,AlgoTrainerNoPat,0.29577734162453606,1.2679425837320575,0.9774774774774775,0.25,0.3333333333333333,1.0,0.8,0.75,0.75
67,AlgoTrainer,0.2476604570113644,1.1913875598086126,0.9819819819819819,0.3333333333333333,0.3333333333333333,1.0,0.8,0.8571428571428571,0.75
67,Algo1,0.6498493715175886,1.507177033492823,0.9414414414414415,0.0,0.0,,0.0,0.2857142857142857,0.25
67,Algo2,0.5831164381679147,1.9043062200956937,0.9279279279279279,0.0,0.0,0.3333333333333333,0.2,0.3076923076923077,0.5
67,Algo3,0.5195136263088397,1.7033492822966507,0.9369369369369369,0.0,0.0,0.0,0.0,0.14285714285714285,0.125
67,SessionTrainer,0.507414629085211,1.2535885167464116,0.9594594594594594,0.0,0.0,,0.0,0.5,0.125
67,SessionCatTrainer,0.0,0.0,0.9009009009009009,0.10526315789473684,0.6666666666666666,,0.0,0.15789473684210525,0.375
68,LogTrainer,0.3757026527794497,1.6507177033492824,0.9864864864864865,0.5,0.6666666666666666,1.0,0.8,0.875,0.875
68,SecondTrainerNoPat,0.21687180520406119,1.0430622009569377,0.9864864864864865,0.5,0.3333333333333333,1.0,0.8,1.0,0.75
68,SecondTrainer,0.32612059321426,1.4019138755980862,0.990990990990991,0.6666666666666666,0.6666666666666666,1.0,0.8,1.0,0.875
68,AlgoTrainerNoPat,0.29620195970646096,1.3157894736842106,0.972972972972973,0.2,0.3333333333333333,1.0,0.8,0.6666666666666666,0.75
68,AlgoTrainer,0.22741487626158194,1.1961722488038278,0.9864864864864865,0.5,0.3333333333333333,1.0,0.8,1.0,0.75
68,Algo1,0.6498493715175886,1.507177033492823,0.9414414414414415,0.0,0.0,,0.0,0.2857142857142857,0.25
68,Algo2,0.5831164381679147,1.9043062200956937,0.9279279279279279,0.0,0.0,0.3333333333333333,0.2,0.3076923076923077,0.5
68,Algo3,0.5195136263088397,1.7033492822966507,0.9369369369369369,0.0,0.0,0.0,0.0,0.14285714285714285,0.125
68,SessionTrainer,0.5688462109938768,1.813397129186603,0.9504504504504504,0.0,0.0,,0.0,0.25,0.125
68,SessionCatTrainer,0.0,0.0,0.9054054054054054,0.0,0.0,,0.0,0.07142857142857142,0.125
69,LogTrainer,0.45001748820075405,1.7799043062200957,0.9774774774774775,0.25,0.3333333333333333,1.0,0.8,0.75,0.75
69,SecondTrainerNoPat,0.25372945305072003,1.1148325358851674,0.9864864864864865,0.5,0.3333333333333333,1.0,0.8,1.0,0.75
69,SecondTrainer,0.22888655718128972,1.0956937799043063,0.9954954954954955,1.0,0.6666666666666666,1.0,1.0,1.0,0.875
69,AlgoTrainerNoPat,0.2877282478611565,1.277511961722488,0.9864864864864865,0.5,0.3333333333333333,1.0,0.8,1.0,0.75
69,AlgoTrainer,0.2268886305227296,1.2105263157894737,0.9954954954954955,1.0,0.6666666666666666,1.0,1.0,1.0,0.875
69,Algo1,0.6498493715175886,1.507177033492823,0.9414414414414415,0.0,0.0,,0.0,0.2857142857142857,0.25
69,Algo2,0.5831164381679147,1.9043062200956937,0.9279279279279279,0.0,0.0,0.3333333333333333,0.2,0.3076923076923077,0.5
69,Algo3,0.5195136263088397,1.7033492822966507,0.9369369369369369,0.0,0.0,0.0,0.0,0.14285714285714285,0.125
69,SessionTrainer,1.0,2.2679425837320575,0.963963963963964,,0.0,,0.0,,0.0
69,SessionCatTrainer,0.0,0.0,0.013513513513513514,0.013513513513513514,1.0,,0.0,0.036036036036036036,1.0
70,LogTrainer,0.37241483428675004,1.6411483253588517,0.9864864864864865,0.5,0.6666666666666666,1.0,0.8,0.875,0.875
70,SecondTrainerNoPat,0.28578465800311387,1.3492822966507176,0.9864864864864865,0.5,0.3333333333333333,1.0,0.8,1.0,0.75
70,SecondTrainer,0.27545540001907165,1.263157894736842,0.9864864864864865,0.5,0.3333333333333333,1.0,0.8,1.0,0.75
70,AlgoTrainerNoPat,0.36470324389743564,1.354066985645933,0.9774774774774775,0.25,0.3333333333333333,1.0,0.8,0.75,0.75
70,AlgoTrainer,0.24545319433222063,1.229665071770335,0.990990990990991,0.6666666666666666,0.6666666666666666,1.0,0.8,1.0,0.875
70,Algo1,0.6498493715175886,1.507177033492823,0.9414414414414415,0.0,0.0,,0.0,0.2857142857142857,0.25
70,Algo2,0.5831164381679147,1.9043062200956937,0.9279279279279279,0.0,0.0,0.3333333333333333,0.2,0.3076923076923077,0.5
70,Algo3,0.5195136263088397,1.7033492822966507,0.9369369369369369,0.0,0.0,0.0,0.0,0.14285714285714285,0.125
70,SessionTrainer,0.553290338295147,1.8373205741626795,0.954954954954955,0.0,0.0,,0.0,0.3333333333333333,0.125
70,SessionCatTrainer,0.0,0.0,0.4099099099099099,0.022388059701492536,1.0,,0.0,0.05970149253731343,1.0
71,LogTrainer,0.3861179591688681,1.6555023923444976,0.9864864864864865,0.5,0.6666666666666666,1.0,0.8,0.875,0.875
71,SecondTrainerNoPat,0.27150475010455777,1.2344497607655502,0.990990990990991,0.6666666666666666,0.6666666666666666,1.0,0.8,1.0,0.875
71,SecondTrainer,0.27865257413793526,1.2535885167464116,0.990990990990991,0.6666666666666666,0.6666666666666666,1.0,0.8,1.0,0.875
71,AlgoTrainerNoPat,0.34160365966142686,1.354066985645933,0.972972972972973,0.2,0.3333333333333333,1.0,0.8,0.6666666666666666,0.75
71,AlgoTrainer,0.22640926166711717,1.186602870813397,0.990990990990991,0.6666666666666666,0.6666666666666666,1.0,0.8,1.0,0.875
71,Algo1,0.6498493715175886,1.507177033492823,0.9414414414414415,0.0,0.0,,0.0,0.2857142857142857,0.25
71,Algo2,0.5831164381679147,1.9043062200956937,0.9279279279279279,0.0,0.0,0.3333333333333333,0.2,0.3076923076923077,0.5
71,Algo3,0.5195136263088397,1.7033492822966507,0.9369369369369369,0.0,0.0,0.0,0.0,0.14285714285714285,0.125
71,SessionTrainer,0.6008696064263882,1.5263157894736843,0.963963963963964,0.0,0.0,,0.0,1.0,0.125
71,SessionCatTrainer,0.0,0.0,0.7252252252252253,0.0,0.0,,0.0,0.07017543859649122,0.5
